Student ID,Accounts Registration No,Date,Student Name,Father Name,Amount
1060200169,2020-GCUF-064557,7/12/2021,IQRA SHAHZADI,M KHALIL,2500
1040200263,2020-GCUF-059780,7/12/2021,ROHA NASIR,ABDUL NASIR,25000
1040600158,2018-GCUF-060204,7/12/2021,TAHREEM FATIMA,CH.KHALIL AHMAD,10000
1060400127,2019-GCUF-059249,7/12/2021,JAVERIA ASHRAF,MUHAMMAD ASHRAF,11500
1060400084,2019-GCUF-059110,7/12/2021,KIRAN AKRAM,MUHAMMAD AKRAM,8000
1060200153,2020-GCUF-064542,7/12/2021,TAYYABA SALEEM,FAQEER HUSSAIN,12000
1060400099,2019-GCUF-059129,7/12/2021,AYESHA YASEEN,MUHAMMAD YASEEN,20000
1030200151,2020-GCUF-059515,7/12/2021,MAHNOOR,SHOAIB AKHTAR,20000
1060400102,2019-GCUF-059132,8/12/2021,SALIHA MUNIR,MUNIR AHMED,13500
1060600036,2018-GCUF-059681,8/12/2021,ASHBEEL SHAMIN,SHAMIM IQBAL GILL,20000
1110200105,2020-GCUF-059093,8/12/2021,ALEEZA ASHFAQ,M ASHFAQ,3500
1060600073,2018-GCUF-069876,8/12/2021,KINZA ABID,ABID HMAEED,4000
1100200097,2020-GCUF-063958,8/12/2021,M HUSNAIN,M ASHIQ,20500
1040800096,2017-GCUF-068068,9/12/2021,Aimen Zaheer,0,20000
1120600063,2018-GCUF-059851,9/12/2021,MARYAM,MUHAMMAD MIRAJ,10000
1100400072,2019-GCUF-057888,9/12/2021,MUHAMMAD AMJAD LUQMAN,LUQMAN ZAR,8000
1100400071,2019-GCUF-057886,9/12/2021,NASRULLAH,MAHFOOZ UR RAHMAN,12000
1120600093,2018-GCUF-070172,9/12/2021,SHUMAILA ASHRAF,MUHAMMAD ASHRAF,12000
1040800181,2017-GCUF-067884,9/12/2021,MARYAM ARIF,ARIF IQBAL,21000
1120200193,2020-GCUF-075666,9/12/2021,AINA SIDRA,M ASIF,12000
1070600005,2018-GCUF-059472,10/12/2021,ANEES KHAN,SHAHADAT KHAN,15300
1120600093,2018-GCUF-070172,14/12/2021,SHUMAILA ASHRAF,MUHAMMAD ASHRAF,12000
1120200163,2020-GCUF-064125,23/12/2021,LAIBA ANEES,M ANEES,14000
1080600025,2018-GCUF-060739,29/12/2021,HAFIZA SUMBAL TAHIR,SYED TAHIR HUSSAIN SHAH NAQVI,12500
