type,passmark,finalmark,subject,subject_author,subject_code,teachers,,
1,32,80,INTRODUCTORY BIOCHEMISTRY,N/A,BCH-301,BCH,,
0,24,60,FUNCTIONAL ENGLISH,N/A,ENG-321,8,,
0,16,40,ISLAMIC STUDIES,N/A,ISL-321,36,,
0,16,40,ETHICS (FOR NON MUSLIMS ONLY),N/A,ISL-322,36,,
0,24,60,ALGEBRA AND TRIGNOMETRY,N/A,MTH-321,14,,
1,24,60,FUNDAMENTALS OF INORGANIC CHEMISTRY,N/A,ACH-301,31,,
0,8,20,TRANSLATION OF THE HOLY QURAN-I,N/A,ISL-311,29,,
1,24,60,INTRODUCTION TO SOCIOLOGY,N/A,SOC-307,67,,
,,,,,,,,
,,,,,,,,
