type,passmark,finalmark,subject,subject_author,subject_code,teachers,
1,32,80,Programming Fundamentals ,N/A,CSI-301 ,39,
1,24,60,Digital Logic Design ,N/A,ELE-401 ,10,
1,24,60,Multi-variate Calculus,N/A,MTH-324  ,17,
1,24,60,Discrete Structures ,N/A,CSI-405 ,11,
0,16,40,Pakistan Studies,N/A,PST-321 ,36,
0,24,60,Technical Writng,N/A,ENG-422 ,53,
,,,,,,,
,,,,,,,
,,,,,,,
,,,,,,,
,,,,,,,
,,,,,,,
,,,,,,,
,,,,,,,
,,,,,,,
,,,,,,,
,,,,,,,
,,,,,,,
,,,,,,,
,,,,,,,
,,,,,,,
,,,,,,,
,,,,,,,
,,,,,,,
,,,,,,,
,,,,,,,
,,,,,,,
,,,,,,,
,,,,,,,
,,,,,,,
