type,passmark,finalmark,subject,subject_author,subject_code,teachers,
1,24,60,INTRODUCTION TO COMPUTING APPLICATION,N/A,CSI-321,16,
1,24,60,CALCULUS & ANALYTICAL GEOMETRY ,N/A,MTH-323,14,
1,24,60,FINANCIAL ACCOUNTING ,N/A,AAF-302,26,
0,24,60,ENGLISH COMPOSITION & COMPREHENSION ,N/A,ENG-322,20,
0,24,60,INTRODUCTION TO PAKISTANI ECONOMY ,N/A,ECO-408,5,
0,16,40,ISLAMIC STUDIES OR,N/A,ISL-321,36,
0,8,20,TRANSLATION OF THE HOLY QURAN-I,N/A,ISL-311,29,
0,16,40,ETHICS (FOR NON MUSLIMS ONLY),N/A,ISL-322,29,
,,,,,,,
,,,,,,,
,,,,,,,
