Student ID,Accounts Registration No,Date,Student Name,Father Name,Amount
1070400028,2019-GCUF-059040,1/12/2021,ABRAR SAEED,M. SAEED SHAHID,20000
1070400033,2019-GCUF-059050,1/12/2021,KHAWAJA M. SHAHMEER AHMAD,M. NADEEM ZAFAR,5000
1110400041,2019-GCUF-058585,1/12/2021,MINAHIL SHEHZAD,SHEHZAD ANWAR,11000
1130400024,2019-GCUF-058812,1/12/2021,AYESHA,MUHAMMAD TARIQ,5000
1080400092,2019-GCUF-057603,1/12/2021,HIFSA,MUHAMMAD TARIQ,5000
1080200139,2020-GCUF-064453,1/12/2021,SHIZA KHALIL,M KHALIL AHMAD,15500
1090600016,2018-GCUF-070104,1/12/2021,ZAMAN ALI,ABDUL QAYYUM,4000
1010200085,2020-GCUF-059568,1/12/2021,ABDUL QADEER,SHABIR HUSSAIN,19000
1030600032,2018-GCUF-060542,1/12/2021,ARISHQ UL ISLAM,KHALID HUSSAIN ANJUM,10000
1040800118,2017-GCUF-064630,1/12/2021,Alishba Iftikhar,0,20000
1040800119,2017-GCUF-066884,1/12/2021,Mahnoor Yousaf ,0,10000
1120600082,2018-GCUF-059739,1/12/2021,SHUMAILA NAZIR,NAZIR AHMAD,8000
1020400082,2019-GCUF-058052,1/12/2021,AYESHA IFTIKHAR,MUHAMMAD IFTIKHAR KHAN,1000
1040400216,2019-GCUF-058183,1/12/2021,AMNA SHEHZADI,MUHAMMAD TUFAIL,25000
1020200088,2020-GCUF-064317,1/12/2021,SIBGHAT ULLAH,FIYYAZ AHMAD,15000
1100400080,2019-GCUF-057972,1/12/2021,SAMEEN KHALID,KHALID MEHMOOD,10000
1070400038,2019-GCUF-059062,1/12/2021,SYED USMAN ALI SHAH,SYED SHABBIR HUSSAIN,15600
1060400104,2019-GCUF-059134,1/12/2021,RAHEELA RIAZ,M. RIAZ HUSSAIN SHAH,21000
1120600064,2018-GCUF-059809,1/12/2021,MARYAM HANIF,MUHAMMAD HANIF,19000
1120400121,2019-GCUF-057718,1/12/2021,SHAHZAIB RIAZ,MUHAMMAD RIAZ,15000
1040600138,2018-GCUF-060220,1/12/2021,MALKA RABIA,M.ASHIQ,11000
1120600057,2018-GCUF-059831,1/12/2021,ISHA/Shakeel,MUHAMMAD SHAKEEL,10000
1030200122,2020-GCUF-059466,1/12/2021,MUHAMMAD HAMZA,MUHAMMAD AFZAAL,22500
1040800088,2017-GCUF-064356,1/12/2021,M. Sohaib Imtiaz,0,10000
1100400093,2019-GCUF-069469,1/12/2021,KIRAN SHAHZADI,AMANAT ALI,8000
1050600015,2018-GCUF-073130,1/12/2021,ZANEERA ABID,MUHAMMAD ABID JAMIL,3750
1100400089,2019-GCUF-058001,1/12/2021,URWA JAN MUHAMMAD,JAN MUHAMMAD,10000
1040600146,2018-GCUF-060192,1/12/2021,HASHIR BIN KHALID,RANA KHALID MEHMOOD,12700
1100400049,2019-GCUF-057801,1/12/2021,SAMI ULLAH,GHULAM ALI,4250
1060600040,2018-GCUF-059662,1/12/2021,ESHA RUBAB,ALTAF HUSSAIN,15000
1060600074,2018-GCUF-071710,1/12/2021,IQRA ALAMGIR,ALAMGIR KHAN,11600
1040400192,2019-GCUF-058126,1/12/2021,QANDEEL IQBAL,IQBAL AHMAD,10000
