Student ID,Accounts Registration No,Date,Student Name,Father Name,Amount
1030400103,2019-GCUF-058762,1/12/2021,HAFIZ MUHAMMAD BILAL,MUHAMMAD SHAHID RAFIQUE,10000
1070600012,2018-GCUF-059479,1/12/2021,SIDRA YASEEN,GULAM YASEEN,7500
1070400022,2019-GCUF-059029,2/12/2021,NOOR FATIMA,MUDASSAR HAMEED,11240
1040600169,2018-GCUF-060132,2/12/2021,ZAINAB,MUHAMMAD SHAHID,21000
1120600087,2018-GCUF-071713,2/12/2021,RIMZA MARYAM,GHULAM MUSTAFA,10000
1040400200,2019-GCUF-069552,3/12/2021,SABOOR NAVEED ASAD,NAVEED ASAD,30000
1120600039,2018-GCUF-059743,3/12/2021,AIMAN,NAZEER AHMAD,7500
1110400028,2019-GCUF-058572,3/12/2021,FATIMA,NAZEER AHMED,5700
1110600016,2018-GCUF-066106,3/12/2021,MAHNOOR MUNIR,MUNIR AHMAD GHAURI,7000
1030600041,2018-GCUF-060518,3/12/2021,KANWAL SHAHZADI,MUHAMMAD ANWAR,7200
1080400091,2019-GCUF-057600,3/12/2021,MUDASSAR ZAHOOR,ZAHOOR AHMAD TABUSAM,20000
