type,passmark,finalmark,subject,subject_author,subject_code,teachers,,
1,24,60,CARDIOPULMONARY PHYSICAL THERAPY,N/A,DPT-651,54,,
1,16,40,EMERGENCY PROCEDURES & PRIMARY CARE IN PHYSICAL THERAPY,N/A,DPT-653,42,,
1,24,60,CLINICAL DECISIONS MAKING & DIFFERENTIAL DIAGNOSIS,N/A,DPT-655,7,,
1,16,40,SCIENTIFIC INQUIRY & RESEARCH METHODOLOGY (Mian Farooq),N/A,DPT-657,55,,
1,16,40,"PROFESSIONAL PRACTICE (LAWS, ETHICS & ADMINISTATION)",N/A,DPT-659,16,,
1,16,40,INTEGUMENTARY PHYSICAL THERAPY,N/A,DPT-661,9,,
1,24,60,SUPERVISED CLINICAL PRACTICE V ( Mian Munshi Hospital ),N/A,DPT-663,Dr. Azhar ,,
,,,,,,,,
,,,,,,,,
