type,passmark,finalmark,subject,subject_author,subject_code,teachers,,
1,24,60,FORENSIC MEDICINE,N/A,AHP-601,45,,
1,24,60,BIOSTATISTICS,N/A,STA-507,24,,
1,32,80,ADVANCED MOLECULAR BIOLOGY,N/A,MLT-607,45,,
1,24,60,ADVANCED DIAGNOSTIC AND BIOMEDICAL TECHNIQUE,N/A,MLT-609,12,,
1,16,40,QUALITY ASSURANCE MANAGEMENT ,N/A,MLT-611,4,,
1,24,60,CLINICAL GENETICS,N/A,MLT-613,4,,
1,24,60,research Projects,N/A,MLT-606,4,,
,,,,,,,,
,,,,,,,,
,,,,,,,,
,,,,,,,,
,,,,,,,,
,,,,,,,,
,,,,,,,,
,,,,,,,,
