Student ID,Accounts Registration No,Date,Student Name,Father Name,Amount
1040600178,2018-GCUF-071729,15/11/2021,M OSAMA,NADEEM AKBAR,23500
#N/A,#N/A,15/11/2021,RUTBA JAVED,SHAFAQAT ALI,20000
#N/A,#N/A,15/11/2021,ARISH WARIS,JAVED IQBAL,20000
#N/A,#N/A,15/11/2021,KASHAF ALI,WARIS KHOKHAR,15000
#N/A,#N/A,15/11/2021,KHIZAR HAYAT,JAMIL AHMAD,15000
#N/A,#N/A,15/11/2021,MUZAMMIL HUSSAIN,ZAFAR IQBAL,20000
#N/A,#N/A,15/11/2021,#N/A,ABDUL GHAFFAR,20000
1030600066,2018-GCUF-060490,15/11/2021,ALI IBRAHIM,M JAMIL,8000
#N/A,#N/A,15/11/2021,SEERAT ILYAS,SHARAFAT ALI,19000
#N/A,#N/A,15/11/2021,#N/A,M ILYAS,20000
1040600153,2018-GCUF-060211,16/11/2021,BEELUM OMER,MULAZIM HUSSAIN,10000
1040600154,2018-GCUF-060209,16/11/2021,SANA RAHAT,RAHAT TASLEEM,11850
1120200183,2020-GCUF-064226,16/11/2021,M UMAR FAROOQ,ABID MOHI UD DIN,15000
#N/A,#N/A,16/11/2021,YASEEN AHMAD,M RAMZAN,15000
#N/A,#N/A,16/11/2021,#N/A,IMTIAZ AHMAD,15000
1080200131,2020-GCUF-064434,16/11/2021,SAHIRA YASIN,M YASIN,13000
1030400111,2019-GCUF-058775,16/11/2021,AHSAN SHOUKAT,SHOUKAT ALI,13000
1020600043,2018-GCUF-059247,16/11/2021,KHADIJA SANAULLAH CHAUHDARY,SANA ULLAH,6000
1080200123,2020-GCUF-064432,16/11/2021,HAFIZ HAMZA,PERVAIZ AHMAD,12000
1010600018,2018-GCUF-060775,16/11/2021,NOMAN ALI,ABDUL HAFEEZ,5000
1090200039,2020-GCUF-059265,16/11/2021,MUHAMMAD USMAN,MUHAMMAD MUSHTAQ,4000
1090600012,2018-GCUF-060943,16/11/2021,SALMAN SHOUKAT,SHOUKAT ALI,5000
1060200168,2020-GCUF-064556,16/11/2021,M USMAN KHAN,M ASLAM KHAN,15000
1040600167,2018-GCUF-060372,16/11/2021,BISMA ASLAM,M.ASLAM,6000
1070200067,2019-GCUF-073480,16/11/2021,REHAN,KHURSHEED AHMAD,10000
1080600035,2018-GCUF-074069,16/11/2021,MUHAMMAD NABEEL,MUHAMMAD HAFEEZ,7000
1010400065,2019-GCUF-058916,16/11/2021,HIRA TAHIR,MUHAMMAD TAHIR HUSSAIN,5000
1010400040,2019-GCUF-058845,16/11/2021,FIZA ABID,M. ABID KHAIR DIN,8400
1080600039,2018-GCUF-060691,16/11/2021,NIDA MAHMOOD,MAHMOOD KHAN,17500
1040600129,2018-GCUF-060173,16/11/2021,RABIA ASHRAF,MUHAMMAD ASHRAF,12000
1020400071,2019-GCUF-058024,16/11/2021,FARHAN AFZAL,MUHAMMAD AFZAL,15000
1120200152,2020-GCUF-064105,16/11/2021,MUNTAHA,MUNIR ANJUM,11650
1080200116,2020-GCUF-064425,16/11/2021,SUMAIRA ABDUL GHUFAR,ABDUL GHUFAR,11200
1070400048,2019-GCUF-059096,16/11/2021,ROMAN AHMAD,SAIFURREHMAN,20000
1110600016,2018-GCUF-066106,16/11/2021,MAHNOOR MUNIR,MUNIR AHMAD GHAURI,0
1110600007,2018-GCUF-066065,16/11/2021,AIDA,MUHAMMAD NAVEED SADIQ,5000
1090200046,2020-GCUF-059305,16/11/2021,SADAF ,ABDUL MAJEED,5000
1020200093,2020-GCUF-075546,16/11/2021,QASIM,ASIF KHAN,10000
1040600164,2018-GCUF-060165,16/11/2021,ANAM ABID,M.ABID,12000
1070600005,2018-GCUF-059472,16/11/2021,ANEES KHAN,SHAHADAT KHAN,0
1110400072,2019-GCUF-077491,16/11/2021,SYEDA AROOJ FATIMA,SYED MAQSOOD ALI SHAH,5000
1020600044,2018-GCUF-059306,16/11/2021,KIRAN SHAHZADI,MUHAMMAD AKRAM,6000
1010200086,2020-GCUF-059575,16/11/2021,ANUM AZIZ,ROUF AZIZ,0
1060600070,2018-GCUF-059646,16/11/2021,WAJIHA SHABAN,MUHAMMAD SHABAN,6500
1060400097,2019-GCUF-059127,16/11/2021,WAFEERA,MOAZZAM ALI,12000
1120200147,2020-GCUF-064100,16/11/2021,IQRA FATIMA,AMJAD MEHMOOD,9000
1070400040,2019-GCUF-059076,16/11/2021,MUHAMMAD FAHEEM,ABDUL SATTAR,18000
1080600029,2018-GCUF-060638,16/11/2021,CHAUDHRY NABEEL,FAROOQ AHMAD,7500
#N/A,#N/A,16/11/2021,SHEEZA ABDUL JABBAR,M ISHAQ,20000
#N/A,#N/A,16/11/2021,#N/A,ABDULJABBAR,20000
1030200139,2020-GCUF-059487,16/11/2021,MIRAJ HUSSAIN,GULSHAD NAEEM,20000
#N/A,#N/A,16/11/2021,#N/A,WAZIR MUHAMMAD,20000
1060200157,2020-GCUF-064544,16/11/2021,FAREEHA ZAFAR,M ZAFAR,17000
1030400087,2019-GCUF-058731,16/11/2021,UMAIS RAJA,MUHAMMAD MUNEER,11300
1030400088,2019-GCUF-058732,16/11/2021,HAMAAD NIAZ,MUHAMMAD NIAZ,9500
1030600053,2018-GCUF-060501,16/11/2021,TALHA SADIQUE,GHULAM MUHAMMAD,0
#N/A,#N/A,16/11/2021,#N/A,M SARFARAZ,20000
1030600067,2018-GCUF-060529,16/11/2021,UZWA ARIF,ARIF HUSSAIN,7200
1030600056,2018-GCUF-060446,16/11/2021,NAIMA UMAIR,UMAIR MANSOOR,8000
1100200097,2020-GCUF-063958,16/11/2021,M HUSNAIN,M ASHIQ,20000
1110200103,2020-GCUF-059091,16/11/2021,AHMAD RAZA,IRSHAD ASIF,5000
1040600133,2018-GCUF-060145,16/11/2021,MARYAM ARSHAD,CH.M.ARSHAD,10500
1040600136,2018-GCUF-060378,16/11/2021,AWAIS ALI,CH.M.NAEEM,13200
#N/A,#N/A,16/11/2021,#N/A,ABDUL GHAFOOR,20000
1120600085,2018-GCUF-059742,16/11/2021,YASIR NAZIR,NAZIR AHMAD,4000
1080400093,2019-GCUF-057607,16/11/2021,FIZA FIAZ,FIAZ AHMAD,10000
1090600001,2018-GCUF-060931,16/11/2021,AQSA MUQADIS,MUHAMMAD YASIN AHMAD,4000
1100600037,2018-GCUF-059922,16/11/2021,SOHAIB TAHIR,MUHAMMAD TAHIR,11000
1020200087,2020-GCUF-059162,16/11/2021,M ADNAN MUSHTAQ,MUSHTAQ AHMAD,9000
1070200054,2020-GCUF-064001,16/11/2021,ALI IBRAHIM,NADEEM KHAN,10000
#N/A,#N/A,16/11/2021,#N/A,SHARAFAT ALI,1000
1130600011,2018-GCUF-059376,16/11/2021,USMAN FAROOQ,MUHAMMAD FAROOQ,8500
1020600037,2018-GCUF-059207,16/11/2021,FAREEHA,MUHAMMAD ABDUL QADIR SUFI,5000
1100600046,2018-GCUF-069860,16/11/2021,BABER SALEEM,MUHAMMAD SALEEM,7500
1040800091,2017-GCUF-064393,16/11/2021,Kiran Samdhani,0,15000
1100400077,2019-GCUF-057902,16/11/2021,SYEDA ZARMEEN NAQVI,SYED MUKARAM ALI SHAH,13000
1060400082,2019-GCUF-069501,16/11/2021,IQRA BIBI,DILAWAR ALI,1900
1060400115,2019-GCUF-059198,16/11/2021,AROOJ FATIMA,MUHAMMAD SHABBIR,16000
1020600039,2018-GCUF-059230,16/11/2021,HAFIZA IQRA ARSHAD,MUHAMMAD ARSHAD,5250
1020600052,2018-GCUF-059325,16/11/2021,NEELAM FAYYAZ,MIRZA FAYYAZ BAIG,6000
1020600036,2018-GCUF-059303,16/11/2021,EISHA KHALID,KHALID MEHMOOD,10000
1020600038,2018-GCUF-059300,16/11/2021,FIZA BATOOL,RIASAT ALI,10000
1030600044,2018-GCUF-060524,16/11/2021,MUHAMMAD AHMAD RAZA,ARSHAD IQBAL,8000
1080200113,2020-GCUF-064420,16/11/2021,M LUQMAN,KHUDA BUX,10000
1080200110,2020-GCUF-064422,16/11/2021,MEERAB TAYYAB,TAYYAB FAKHAR,11000
1090600006,2018-GCUF-060934,16/11/2021,TAIBA ASGHAR,MUHAMMAD SHAMOUN ANJUM,5000
#N/A,#N/A,16/11/2021,#N/A,ASGHAR ALI,20000
1070400030,2019-GCUF-059045,17/11/2021,SAWERA AREEJ,MAHMOOD ASGHAR,11750
1070400039,2019-GCUF-059074,17/11/2021,MUHAMMAD SAFEER,MUHAMMAD KHALID JAVAID,9500
1080200100,2020-GCUF-064413,17/11/2021,LAIBA NAWAZ,M NAWAZ,15000
1040600163,2018-GCUF-060124,17/11/2021,MARIAM ANWAR,M.ANWAR UL HAQ,11000
1110200076,2020-GCUF-064306,17/11/2021,HIRA RIAZ,M RIAZ,0
1110200076,2020-GCUF-064306,17/11/2021,HIRA RIAZ,M RIAZ,7000
1040600137,2018-GCUF-060159,17/11/2021,SUBHAN ALI,SARFARAZ,10000
1040800128,2017-GCUF-066920,17/11/2021,Baderka Faryad,0,10000
1040400220,2019-GCUF-058194,17/11/2021,AYESHA REHMAN,ABDUL REHMAN QURESHI,12380
1040200239,2020-GCUF-059697,17/11/2021,MARYAM ISLAM,M ISLAM,16500
1040400207,2019-GCUF-058152,17/11/2021,GHULAM FATIMA,MUHAMMAD FAYYAZ BHATTI,16750
1110400032,2019-GCUF-058576,17/11/2021,KHIZRA,MUHAMMAD FAYYAZ BHATII,5000
1040600143,2018-GCUF-060226,17/11/2021,TOOBA NAWAZ,NAWAZ,10500
1040800117,2017-GCUF-066886,17/11/2021,Anam Yousaf ,0,10000
1040600185,2018-GCUF-078482,17/11/2021,NOOR-E-EMAN,Abid Riaz,7000
1110400059,2019-GCUF-058694,17/11/2021,BISMA KHAN,ABID JAMEEL KHAN,6000
1040400197,2019-GCUF-058136,17/11/2021,SYEDA TUBA ZAHRA ZADI,SYED TALIB HUSSAIN ZADI,24000
1040400212,2019-GCUF-058170,17/11/2021,SANA MUSHTAQ,MUHAMMAD MUSHTAQ,28875
1080600040,2018-GCUF-060665,17/11/2021,REHMAT ULLAH,WAHID BAKSH,8000
1120200154,2020-GCUF-064107,17/11/2021,EMAN SHAHZADI,MAHMOOD AHMAD,17750
1120200149,2020-GCUF-064103,17/11/2021,AIMA,M MUSHTAQ,21000
#N/A,#N/A,17/11/2021,Sana Mushtaq,Muhammad Mushtaq,2175
1020600056,2018-GCUF-059339,17/11/2021,SHAHID HASSAN,MUHAMMAD TARIQ,5500
1050200069,2020-GCUF-059363,17/11/2021,HANSA IFTIKHAR,SYED IFTIKHAR SHERAZ,6750
1120600065,2018-GCUF-059834,17/11/2021,MEHRAN ALBRT NASIR,NASIR MASIH,12300
1080600024,2018-GCUF-060649,17/11/2021,FARVA BATOOL,TARIQ HUSSAIN,5000
1010600014,2018-GCUF-060784,17/11/2021,GHULAM ABBAS,ABDUL KARIM ZAFFAR,5000
1100600047,2018-GCUF-060086,17/11/2021,MUHAMMAD JAZAB,ARSHAD ALI,6000
1070200056,2020-GCUF-064064,17/11/2021,KALEEM ULLAH,ZAFAR ULLAH,7500
1010200089,2020-GCUF-059580,17/11/2021,ADEEL AJAZ,M AJAZ,20000
1050400055,2019-GCUF-061978,17/11/2021,MUHAMMAD WASEEM,GHULAM ABBAS,10500
1050400052,2019-GCUF-058553,17/11/2021,MUHAMMAD AMIR,MUHAMMAD LIAQUAT,12500
1050400020,2019-GCUF-058436,17/11/2021,ZAHRA BASHIR,BASHIR AHMAD,5000
1040600173,2018-GCUF-060147,17/11/2021,KOMAL ALLAH DITTA GONDAL,ALLAH DITTA,13870
1040600130,2018-GCUF-060259,17/11/2021,TAMIA ALI,RIAZ ALI ,9800
1100400056,2019-GCUF-057839,17/11/2021,MUHAMMAD ZAHID RAMZAN,MUHAMMAD RAMZAN,6000
1100400050,2019-GCUF-057804,17/11/2021,USAMA BIN HAKIM,HAKIM ALI,4000
1040400190,2019-GCUF-058124,17/11/2021,M TOSEEF,ZIA-UL-HAQ,15000
#N/A,#N/A,17/11/2021,MAHA BATOOL,M SIDDIQ,20000
#N/A,#N/A,17/11/2021,#N/A,SYED ATA MUHAMMAD,20000
1080600046,2018-GCUF-060680,17/11/2021,USAMA ALI,MAQBOOL AHMAD,8000
1100400060,2019-GCUF-057848,17/11/2021,ARSHIA,MUHAMMAD ALEEM,8000
1090600003,2018-GCUF-060929,17/11/2021,KINZA ISLAM,NASEEM-UL-GHANI,4000
1130400022,2019-GCUF-058809,17/11/2021,UROOJ SHAHID,SHAHID NAWAZ,5000
1070400046,2019-GCUF-077485,17/11/2021,SHANZAH KANWAL,MUHAMMAD YOUNAS,6000
1060600060,2018-GCUF-059585,17/11/2021,NAMRA,MUHAMMAD AMJAD JUTT,10000
1110200100,2020-GCUF-075520,17/11/2021,ZAIB NAEEM,M NAEEM,10000
1050200090,2020-GCUF-064298,17/11/2021,ZOHRA IRFAN,IRFAN UR REHMAN,15000
1050200067,2020-GCUF-059357,17/11/2021,ANSA,M RAZA,7000
#N/A,#N/A,17/11/2021,#N/A,RASHEED AHMAD,20000
1040800111,2017-GCUF-066911,17/11/2021,Muhammad Bilal,0,5000
1040800071,2017-GCUF-064348,17/11/2021,ANSA TARIQ,0,10000
1090200045,2020-GCUF-059301,17/11/2021,MISHAL ASJAD,ABDUL RASHEED,14000
#N/A,#N/A,17/11/2021,AIZA TARIQ,MIAN M ASJAD,20000
#N/A,#N/A,17/11/2021,#N/A,TARIQ JAMEEL,20000
1030200146,2020-GCUF-059504,17/11/2021,SADIA FAREED,M ARSHAD,0
#N/A,#N/A,17/11/2021,#N/A,GHULAM FAREED,15000
1050600007,2018-GCUF-074005,18/11/2021,QAIBA ARIF,MUHAMMAD ARIF,5000
1020200092,2020-GCUF-059166,18/11/2021,IBRAR RAZA,MUSHTAQ ALI,20000
1030600035,2018-GCUF-060579,18/11/2021,HAMZA ABDUL MANAN,ABDUL MANAN,8000
1120200166,2020-GCUF-064132,18/11/2021,MARIA MUKHTAR,MUKHTAR AHMAD,10000
1080600022,2018-GCUF-060736,18/11/2021,CH. MUHAMMAD SHARJEEL,CH. MUHAMMAD KALEEM,8000
1110200093,2020-GCUF-059072,18/11/2021,MAHWISH SAGHEER,M SAGHEER,14000
1100600024,2018-GCUF-059995,18/11/2021,MUHAMMAD ASIF,MUHAMMADF AKRAM TABASUM,7000
1010400046,2019-GCUF-058862,18/11/2021,HAFSA KHALID,KHALID MAQSOOD,12000
1060200132,2020-GCUF-064512,18/11/2021,MEMOONA RASHEED,CH ABDUL RASHEED,11000
1110400070,2019-GCUF-077493,18/11/2021,AIMUN AZIZ TOOR,ABID AZIZ TOOR,7050
1050400032,2019-GCUF-058469,18/11/2021,AFIA KHALID,KHALID ZIA,12000
1050400056,2019-GCUF-069451,18/11/2021,MAHAM MUNIR,MUNIR AHMAD,10000
1030600060,2018-GCUF-060508,18/11/2021,RIZWAN,YASIN,10000
1060600054,2018-GCUF-059631,18/11/2021,MALKA-E-ALIA,MUNEER HUSSAIN,4000
1070400031,2019-GCUF-059046,18/11/2021,AMMAR ASIF,MUHAMMAD ASIF,15000
1050600016,2018-GCUF-073139,18/11/2021,ANEEQA HASSAN,MIAN HASSAN ALI,4250
1100600039,2018-GCUF-073497,18/11/2021,SYED HUSSAIN ALI SHAH,SYED MUHAMMAD SAJIDIN,8000
1110200111,2020-GCUF-059105,18/11/2021,AISHA ASHFAQ,ASHFAQ AHMAD,5000
1110200107,2020-GCUF-059094,18/11/2021,TUBA NAEEM,NAEEM YOUSAF,5000
1110200110,2020-GCUF-059102,18/11/2021,MARYAM QAYYUM,ABDUL QAYYUM,10000
1080400088,2019-GCUF-057595,18/11/2021,HAFSA MUSLIM,NOOR UL ISLAM KHAN,10000
1020400061,2019-GCUF-058010,18/11/2021,HAFIZ TASADUQ HUSSAIN,MUHAMMAD ASHFAQ,31000
1020600026,2018-GCUF-059234,18/11/2021,ALIA SHARIF,MUHAMMAD SHARIF,6000
1110400066,2019-GCUF-058704,18/11/2021,EMAAN SHAHID,SHAHID RASHEED,28000
1020600032,2018-GCUF-059220,18/11/2021,AREEJ,MOHSIN ALI,6500
1070400047,2019-GCUF-059095,18/11/2021,ZAKAWAT ALI KHAN,ZULFIQAR ALI KHAN,15000
1110400035,2019-GCUF-058579,18/11/2021,AMNA ARIF,ARIF BHATTI,6200
1040600160,2018-GCUF-060168,18/11/2021,HIRA NAZAR,NAZAR HUSSAIN,10100
1130400017,2019-GCUF-069734,18/11/2021,AHMED ALI,MUHAMMAD BOOTA,8900
1040800070,2017-GCUF-064350,18/11/2021,MARYAM SIDDIQUI,M YOUSAF SIDDIQUE,10500
1100200096,2020-GCUF-063955,18/11/2021,UZMA RIAZ,M RIAZ,20000
1060200141,2020-GCUF-064531,18/11/2021,USAMA MEHBOOB,MALIK MEHBOOB UR REHMAN,13000
1100600017,2018-GCUF-073154,18/11/2021,JAWERIA NADEEM,NADEEM KHAN,6500
1080200145,2020-GCUF-075588,18/11/2021,MIRZA M USMAN BAIG,M BILAL BAIG,10000
1050200072,2020-GCUF-059372,18/11/2021,SYEDA ZAHRA QAISER,M USMAN,6400
#N/A,#N/A,18/11/2021,ANMOL AFZAL,SYED QAISER ABBAS,20000
#N/A,#N/A,18/11/2021,MARIA,M AFZAL,20000
#N/A,#N/A,18/11/2021,#N/A,M AMIN,20000
1080400096,2019-GCUF-057617,18/11/2021,SANA NOOR,NOOR ELAHI,15000
1070600008,2018-GCUF-059457,18/11/2021,MUHAMMAD ISHFAQ,MUHAMMAD QASIM,7000
1110200098,2020-GCUF-059080,18/11/2021,HAMMAD YOUSAF,M YOUSAF,6750
1130400014,2019-GCUF-058801,18/11/2021,FARASAT ALI,NISAR AHMED,10000
1040400222,2019-GCUF-058198,18/11/2021,SYED MASHAD RAZA,MUHAMMAD AKBAR,30000
#N/A,#N/A,19/11/2021,#N/A,SYED M SABTAIN SHAH,20000
1120600040,2018-GCUF-059766,19/11/2021,AMINA TARIQ CHAUDHARY,TARIQ MEHMOOD CHAUDHARY,10000
1120600048,2018-GCUF-059754,19/11/2021,AYESHA SHAHZADI,LIAQAT ALI,8500
1060200149,2020-GCUF-064537,19/11/2021,RIMSHA NAZ,MAQSOOD ANWAR,15000
1010200094,2020-GCUF-059602,19/11/2021,SAAD,M ASHFAQ,13000
1120600049,2018-GCUF-073664,19/11/2021,FAKHRH HANIF,MUHAMMAD HANIF,9000
1110400063,2019-GCUF-058699,19/11/2021,FIZA ABDI,ABID ALI,14500
1120400122,2019-GCUF-057719,19/11/2021,IQRA KARIM,ABDUL KARIM SAJID,24000
1090600009,2018-GCUF-060947,19/11/2021,MUHAMMAD YOUSAF,MUHAMMAD AKRAM,4000
1050400044,2019-GCUF-058531,19/11/2021,ZOONISH YAQOOB,MUHAMMAD YAQOOB AL KHARI,10000
1050600018,2018-GCUF-070191,19/11/2021,AQSA SABIR,SABIR JAVED,2500
#N/A,#N/A,19/11/2021,Rizwan Kambir,Muhammad Kambir,7500
1120200158,2020-GCUF-064111,19/11/2021,YOUSRA KHURSHEED,KHURSHED AHMAD,0
1120400139,2019-GCUF-057751,19/11/2021,AYESHA NAWAZ,MUHAMMAD NAWAZ,20000
1060600054,2018-GCUF-059631,19/11/2021,MALKA-E-ALIA,MUNEER HUSSAIN,5000
1010400049,2019-GCUF-058871,19/11/2021,AHMAD SULTAN,SULTAN MAHMOOD,5000
1120600046,2018-GCUF-059764,19/11/2021,AYESHA KHALID,KHALID MAHMOOD,5000
1020600043,2018-GCUF-059247,19/11/2021,KHADIJA SANAULLAH CHAUHDARY,SANAULLAH CHAUHDARY,6000
1040200281,2020-GCUF-059826,19/11/2021,M UMAR SALEEM,M SALEEM,30000
1110200090,2020-GCUF-059139,19/11/2021,AMINA BIBI,ZULFIQAR ALI,9000
1110200114,2020-GCUF-059111,19/11/2021,ANS RAHEEL,RAHEEL JAVED,10000
1120600059,2018-GCUF-073649,19/11/2021,KIRAN,MUHAMMAD ASHRAF,12000
1120600042,2018-GCUF-059749,19/11/2021,MURAD SHAH,TARIQ MEHMOOD HOBAN,7300
#N/A,#N/A,19/11/2021,HAFIZ M ZAID,MUZAMIL SHAH,20000
#N/A,#N/A,19/11/2021,#N/A,ABDUL WAHEED,20000
1060600044,2018-GCUF-059649,19/11/2021,FIRDOUS KHADIM,KHADIM HUSSAIN,10000
#N/A,#N/A,19/11/2021,Jawad Bashir,Muhammad Bashir,3500
#N/A,#N/A,19/11/2021,RABIA BASRI,Arshad Parveez,7000
#N/A,#N/A,19/11/2021,MEMOONA IBRAR,M ISRAIL KHAN,20000
#N/A,#N/A,20/11/2021,HAFIZ M MUZAMMIL,IBRAR AHMAD,20000
#N/A,#N/A,20/11/2021,SAAD ULLAH TOOR,MUHAMMAD SIDDIQUE,20000
1010200072,2020-GCUF-059539,20/11/2021,RUBAB KHAN,M ASLAM TOOR,20000
#N/A,#N/A,20/11/2021,#N/A,M FARYAD KHAN,15000
1100600040,2018-GCUF-059919,20/11/2021,TALHA,MUHAMMAD RAMZAN,5000
1050600002,2018-GCUF-077494,22/11/2021,AYESHA MEHMOOD,MEHMOOD RASHID,0
1110200097,2020-GCUF-059078,22/11/2021,TOOBA FAYYAZ,M FAYYAZ,10000
1110200106,2020-GCUF-059092,22/11/2021,AYESHA JAMAL,M AKHTAR JAMAL,6750
1030200153,2020-GCUF-059518,22/11/2021,MARYAM ISRAR,M ISRAR,20000
1060400109,2019-GCUF-059188,22/11/2021,MUQADAS YAHYA,MUHAMMAD YAHYA AFZAL,10000
1050200074,2020-GCUF-059414,22/11/2021,ZAIBA TAHIRA,M SHAFIQ,30000
1060600059,2018-GCUF-059581,22/11/2021,MUQADDAS AFZAL,MUHAMMAD AFZAL MALIK,12000
1050200058,2020-GCUF-059331,22/11/2021,MAHNOOR RASHEED,CH ABDUL RASHEED,7000
1040400194,2019-GCUF-077411,22/11/2021,NOOR FATIMA,HUMAYOUN QURESHI,27000
1060400123,2019-GCUF-059239,22/11/2021,ANMOL FATIMA,ARSHAD MAHMOOD,10000
#N/A,#N/A,22/11/2021,Hudabia Naeem,Muhammad Naeem,2333
1110200105,2020-GCUF-059093,22/11/2021,ALEEZA ASHFAQ,M ASHFAQ,10000
#N/A,#N/A,22/11/2021,Muhammad Azeem Ramzan,Muhammad Ramzan,3500
1060400125,2019-GCUF-059244,22/11/2021,YASHAM ZUBAIR,ZUBAIR IQBAL,26500
1120600055,2018-GCUF-059795,22/11/2021,IMAN AZHAR,AZHAR MAHMOOD,16000
1100600020,2018-GCUF-059923,22/11/2021,MOHSIN ARSHAD,MUHAMMAD ARSHAD,13000
1010400048,2019-GCUF-058868,22/11/2021,MUHAMMAD TABISH TANVEER,TANVEER AHMAD SAQIB,15000
1120600073,2018-GCUF-059752,22/11/2021,NIMRA ZOHAIB,ZOHAIB HASSAN,17500
1120600084,2018-GCUF-059872,22/11/2021,TOOBA TAHIR,MUHAMMAD TAHIR MEHMOOD,8000
1080400096,2019-GCUF-057617,22/11/2021,SANA NOOR,NOOR ELAHI,0
1040600132,2018-GCUF-060277,22/11/2021,M.FURQAN ,NAZIM ABBAS,42000
#N/A,#N/A,22/11/2021,Iqra ,Muhammad Arshad Faraz,2333
1040600155,2018-GCUF-060280,22/11/2021,SANA NASEER,NASEER AHMED,16000
1100400086,2019-GCUF-057993,22/11/2021,MUHAMMAD TANVEER,MUHAMMAD WARIS,5000
1100600027,2018-GCUF-059940,22/11/2021,MUHAMMAD SAFDAR HAYYAT,MUHAMMAD HAYYAT,8000
#N/A,#N/A,22/11/2021,Ayesha Saddiqa,Khalid Pervaiz Cheema,2000
1040800123,2017-GCUF-064625,22/11/2021,Arooba Fatima,0,5000
1030600045,2018-GCUF-060456,22/11/2021,MUHAMMAD AHMER,MUHAMMAD AHTISHAM,5000
1120400104,2019-GCUF-057662,22/11/2021,AHTASHAM AMJAD WAHEED,AMJAD WAHEED,10000
1120200180,2020-GCUF-064205,22/11/2021,KHADIJA AMJAD,AMJAD WAHEED,10000
1110200118,2020-GCUF-059128,22/11/2021,HAFSA SALMAN,M SALMAN,7000
1040400204,2019-GCUF-058148,22/11/2021,ROBEHA ARVEEJ,ASHFAQ AHMED,20000
1110400055,2019-GCUF-058686,22/11/2021,RABIA AZAM,MUHAMMAD AZAM KHAN,3000
1040600139,2018-GCUF-060208,22/11/2021,KAINAT,ANWAR ZADA,20000
1100400058,2019-GCUF-057844,22/11/2021,EMAN MUNIR,MUNIR AHMAD SIDDIQUI,22500
1010400038,2019-GCUF-058837,22/11/2021,NIMRA TAHIR,M. TAHIR,10000
1120400124,2019-GCUF-057721,22/11/2021,MUHAMMAD BILAL,MUHAMMAD ISHAQ,22500
1120400115,2019-GCUF-057698,22/11/2021,SHIZA ARIF,AMJAD ALI,10000
#N/A,#N/A,22/11/2021,HAMD BABAR,ARIF ALI,20000
#N/A,#N/A,22/11/2021,M NAUMAN,ZAHER UD DIN BABAR,20000
#N/A,#N/A,22/11/2021,#N/A,QURBAN ALI,20000
1110400053,2019-GCUF-058684,22/11/2021,UFFAQ IQBAL,MUHAMMAD IQBAL,5000
1080600028,2018-GCUF-060656,22/11/2021,KHADIJA JAVED,MUHAMAD JAVED,5000
1020600024,2018-GCUF-059331,22/11/2021,ABDUL REHMAN,MUHAMMAD IRSHAD,7500
1030200158,2020-GCUF-064291,22/11/2021,SAQIB KHAN ,ASHRAF NAWAZ KHAN,6000
1030200125,2020-GCUF-059468,22/11/2021,HUSSAIN ALI,FAZAL KARIM,20000
1030600041,2018-GCUF-060518,22/11/2021,KANWAL SHAHZADI,MUHAMMAD ANWAR,7000
1040200260,2020-GCUF-059766,23/11/2021,M ABDULLAH.,M RIAZ,10000
1040200250,2020-GCUF-059735,23/11/2021,SYED M HASEEB SHAH,SYED MUBARIK ALI,10000
1040200253,2020-GCUF-059744,23/11/2021,M HASSAN FAZAL,FAZAL KARIM,14000
1030200126,2020-GCUF-059470,23/11/2021,RIMSHA HANIF,HANIF MASIH,10000
1060200147,2020-GCUF-064536,23/11/2021,LAIBA,MUNIR HUSSAIN,11750
1080200108,2020-GCUF-064417,23/11/2021,MEHAK MUNIR,MUNIR AHMAD,10000
1110400029,2019-GCUF-058573,23/11/2021,IRHA MUBARAK,MUBARAK ALI,7000
1060600049,2018-GCUF-059650,23/11/2021,IRAJ FATIMA,TARIQ MAHMOOD,24500
1100400084,2019-GCUF-057987,23/11/2021,MUHAMMAD SHERAZ,SHAHZAD AHMAD,7500
1080200144,2020-GCUF-064481,23/11/2021,AHMAD ALI KHAN,HAIDER KHAN,20000
1010200095,2020-GCUF-059605,23/11/2021,AQSA RASHID,RASHID SIDDIQUI,19000
1110200117,2020-GCUF-059124,23/11/2021,LOVEEZA ISHAQ,ISHAQ,13500
1030400097,2019-GCUF-058752,23/11/2021,MUDASSER ALI,MUHAMMAD SAEED,18000
#N/A,#N/A,23/11/2021,#N/A,MUBARIK ALI,20000
1030600048,2018-GCUF-060602,23/11/2021,MUHAMMAD HAMZA,FAQEER BAKHSH,7000
1080600019,2018-GCUF-060675,23/11/2021,ARHAM RIAZ,MUHAMMAD RIAZ,5000
1050200082,2020-GCUF-059419,23/11/2021,TEHREEM FATIMA,M ARSHAD,7500
1090400025,2019-GCUF-069579,23/11/2021,MUAZAMA,SYED TAJAMUL HUSSAIN SHAH,5000
1090400020,2019-GCUF-058240,23/11/2021,AMNA LIAQAT,LIAQAT ALI,5500
1120200181,2020-GCUF-064210,23/11/2021,SAMIA SHEHZADI,NAZIR AHMAD,4000
1070200069,2020-GCUF-064031,23/11/2021,FAIZAN HAMID,HAMID NAZIR,9800
1070200051,2020-GCUF-063998,23/11/2021,M MURTAZA,M ARIF,10000
1120200146,2020-GCUF-064099,23/11/2021,MUQADDAS ARIF,M ARIF,10000
1110200108,2020-GCUF-059097,23/11/2021,SAWAIRA SHANZAY,M SHABBIR,15000
1100400072,2019-GCUF-057888,23/11/2021,MUHAMMAD AMJAD LUQMAN,LUQMAN ZAR,10000
1040200248,2020-GCUF-059725,23/11/2021,ZEESHAN ALI,FARMAN ALI,20000
1130400024,2019-GCUF-058812,23/11/2021,AYESHA,MUHAMMAD TARIQ,5000
1080400092,2019-GCUF-057603,23/11/2021,HIFSA,MUHAMMAD TARIQ,5000
1010400057,2019-GCUF-058898,23/11/2021,AQSA,MOHAMMAD IDREES,7250
1050600008,2018-GCUF-073112,23/11/2021,RABIA FIAZ,MUHAMMAD FIAZ,4300
1080600020,2018-GCUF-060644,23/11/2021,DANISH JAMEEL,ABDULHALEEM,7500
#N/A,#N/A,23/11/2021,#N/A,M JAMEEL,20000
1080600033,2018-GCUF-060667,23/11/2021,MUHAMMAD HANAN,YOUNIS ALI,7000
1120600043,2018-GCUF-073083,23/11/2021,TALHA USMAN,MUHAMMAD RASHEED,8000
#N/A,#N/A,23/11/2021,#N/A,M USMAN,15000
1080400095,2019-GCUF-057613,23/11/2021,MUHAMMAD SAIF ULLAH,HAFEEZ ULLAH,20000
1120200159,2020-GCUF-064116,23/11/2021,MOMNA SADIQ,SADIQ ALI,15000
1050400029,2019-GCUF-058463,23/11/2021,CANCEL,ABDUL SALAM,6500
#N/A,#N/A,23/11/2021,HAFIZ FAHAD,#REF!,0
#N/A,#N/A,23/11/2021,NAUMAN HASSAN,M ASAD SOHAIL,18000
#N/A,#N/A,24/11/2021,#N/A,M HASSAN,20000
1070400016,2019-GCUF-059018,24/11/2021,WARDAH ASHFAQ,MUHAMMAD BASHIR,21000
#N/A,#N/A,24/11/2021,FAKHRA FIAZ,M ASHFAQ,20000
#N/A,#N/A,24/11/2021,M SAJID,M FIAZ,20000
#N/A,#N/A,24/11/2021,ZAIN RAJPOOT,M ASLAM,20000
#N/A,#N/A,24/11/2021,#N/A,REHMATULLAH,20000
1030600040,2018-GCUF-060454,24/11/2021,AROOJ FAROOQ,MUHAMMAD MUNEER BHUTTA,28500
#N/A,#N/A,24/11/2021,IQRA BATOOL,ANSAR FAROOQ,20000
#N/A,#N/A,25/11/2021,#N/A,ITIKHAR MEHMOOD RANA,20000
1040600168,2018-GCUF-060189,25/11/2021,ZAINAB FAROOQ,FAROOQ SHAHID GILL,12000
1060400083,2019-GCUF-059109,25/11/2021,LAIBA SHAHZADI,MUZAFFAR HUSSAIN,32250
1120200176,2020-GCUF-064176,25/11/2021,MEHWISH,MALIK ABDUL MAJEED,13200
1100400067,2019-GCUF-057868,25/11/2021,RIDA BABAR,MUHAMMAD BABAR,17000
1080400067,2019-GCUF-057551,25/11/2021,ASMA,RASHEED AHMED,13000
1060600064,2018-GCUF-073088,25/11/2021,SYED DANIYAL SHAH,SYED SAJID ALI SHAH,10000
1040200269,2020-GCUF-059793,25/11/2021,MAHNOOR SHAHID,SHAHID MUNIR,35000
1040400229,2019-GCUF-058209,25/11/2021,SOBIA ZAHEER,MALLIK ZAHEER AHMAD,15250
1080600015,2018-GCUF-060682,25/11/2021,ALEENA MUSTAFA,MUHAMMAD MUSTAFA,8500
1100600041,2018-GCUF-060094,25/11/2021,TOOBA ABBAS,GHULAM ABBAS,8500
1040400210,2019-GCUF-058155,25/11/2021,MARYAM TAUFIQ,GHULAM BILAL DAR,31000
#N/A,#N/A,25/11/2021,#N/A,SHEIKH M TAUFIQ,2600
1040400192,2019-GCUF-058126,25/11/2021,MARYAM SHEHZADI,IQBAL AHMAD,10000
#N/A,#N/A,25/11/2021,#N/A,SHAHID MEHMOOD BHALLI,20000
1040800120,2017-GCUF-066888,25/11/2021,BAKHT MUNIR,0,12000
#N/A,#N/A,25/11/2021,#N/A,GUL ZAHIR,15000
1040400223,2019-GCUF-058201,25/11/2021,TANIA ZAHRA,NADEEM JAVAID,20000
#N/A,#N/A,25/11/2021,#N/A,M BAQIR,20000
#N/A,#N/A,25/11/2021,Muneeba Qayyum,Abdul Qayyum,3500
1080200149,2020-GCUF-064440,25/11/2021,SAQIB LIAQAT ,LIAQAT ALI,11000
1130600006,2018-GCUF-059366,25/11/2021,FARHAN ALI,RAHMAT ALI,5000
1030200145,2020-GCUF-059489,25/11/2021,ZAHIR ALI,M ANWAR ZAIGHAM,12500
1030600039,2018-GCUF-060503,25/11/2021,HAFIZ M TARIQ,MUHAMMAD IQBAL KHAN,7500
#N/A,#N/A,25/11/2021,HIRA GULZAR,DILAWAR AHMAD KHAN,20000
#N/A,#N/A,25/11/2021,HAFIZ M TARIQ,RANA M GULZAR,20000
#N/A,#N/A,25/11/2021,#N/A,DILAWAR AHMAD KHAN,41250
1050600012,2018-GCUF-073508,25/11/2021,MAHNOOR CHAUDHRY,INAMULLAH,4000
#N/A,#N/A,25/11/2021,AQSA,EJAZ ELAHI,20000
#N/A,#N/A,26/11/2021,MARYAM MUKHTAR,M IQBAL,20000
#N/A,#N/A,26/11/2021,#N/A,MUKHTAR AHMAD,20000
1110400036,2019-GCUF-058580,26/11/2021,NAZIFA NAEEM,MUJAHID ALI,5000
#N/A,#N/A,26/11/2021,SANA MUQADAS,NAEEM AHMAD KHAN,20000
#N/A,#N/A,26/11/2021,M ZAIN,M LATEEF,20000
#N/A,#N/A,26/11/2021,#N/A,M IQBAL,20000
1110200084,2020-GCUF-059054,26/11/2021,MISHAL SHAHZAD,SHEHZAD AHMAD,30000
1090400033,2019-GCUF-058346,26/11/2021,NIMRA KHAN,ABDUL REHMAN IBRAHIM,5500
#N/A,#N/A,26/11/2021,FIZA ALI,NOOR MUHAMMAD,20000
#N/A,#N/A,26/11/2021,#N/A,GHULAM ALI,20000
1050400053,2019-GCUF-058558,26/11/2021,HUMAIRA KHALIL,KHALIL AHMAD,12000
1090600005,2018-GCUF-060936,26/11/2021,MOMNA NASEER,MUHAMMAD NASEER AHMAD SIDDIQUI,5000
1030400103,2019-GCUF-058762,26/11/2021,HAFIZ MUHAMMAD BILAL,MUHAMMAD SHAHID RAFIQUE,14000
1130600010,2018-GCUF-060607,27/11/2021,AYESHA ZULFIQAR,MUHAMMAD AFZAL,9500
#N/A,#N/A,27/11/2021,MUHAMMAD FAHAD BHATTI,ZULFIQAR ALI,20000
#N/A,#N/A,27/11/2021,MUQADAS YAMEEN,ASAD SOHAIL,2000
#N/A,#N/A,27/11/2021,AYESHA ALI,M YAMEEN,20000
#N/A,#N/A,29/11/2021,ALI INSHA,M ALI NAZIM,18500
#N/A,#N/A,29/11/2021,FIZA LATIF,BABAR KHAN,20000
#N/A,#N/A,29/11/2021,#N/A,M LATIF,20000
1040400209,2019-GCUF-058154,29/11/2021,MANSOOR AHMAD,JAFAR AMIN,10000
#N/A,#N/A,29/11/2021,ABRAR IDREES,SATTAR AHMAD,15000
#N/A,#N/A,29/11/2021,LAIBA JAVED,M IDREES,20000
#N/A,#N/A,29/11/2021,M MAHTAB BILAL,JAVAID AHMAD,20000
#N/A,#N/A,29/11/2021,ABRAR IDREES,BILAL AHMAD,15000
#N/A,#N/A,29/11/2021,#N/A,M IDREES,15500
1080400061,2019-GCUF-077421,29/11/2021,SAIMA PERVEEN,MANSIB ALI,0
#N/A,#N/A,29/11/2021,#N/A,M AFZAL,0
1110400064,2019-GCUF-058700,30/11/2021,SAJID ALI,MUHAMMAD ADREES,10000
1010400051,2019-GCUF-058874,30/11/2021,TAYMOOR FAYYAZ,MUHAMMAD FAYYAZ,13500
1020400081,2019-GCUF-058049,30/11/2021,AYSHA ANSAR,ANSAR MEHMOOD,13000
1040800097,2017-GCUF-064396,30/11/2021,Amna Jaweria,0,31000
1060600073,2018-GCUF-069876,30/11/2021,KINZA ABID,ABID HMAEED,5000
1070200073,2020-GCUF-064038,30/11/2021,EMAN TAHIR,TAHIR NAZIR,9800
1110600009,2018-GCUF-066083,30/11/2021,ANEELA ANWAR,MUHAMMAD ANWAR,10000
1050400041,2019-GCUF-058512,30/11/2021,HIBA ABDULLAH,ABDULLAH SHAZAD,5000
1050400040,2019-GCUF-058510,30/11/2021,SANA ABDULLAH,ABDULLAH SHAZAD,5000
1120200153,2020-GCUF-064106,30/11/2021,MEHWISH,M RAFIQUE,12200
#N/A,#N/A,30/11/2021,#N/A,M RASHEED,20000
1100200107,2020-GCUF-063981,30/11/2021,LARAIB MANZOOR,MANZOOR HUSSAIN,13000
1040800115,2017-GCUF-066899,30/11/2021,Iqra Khadim ,0,10000
1010200093,2020-GCUF-059599,30/11/2021,FAIZ ULLAH,MUNIR AHMAD,0
1030200131,2020-GCUF-064287,30/11/2021,HAROON AHMAD,M FIAZ,24000
1100400083,2019-GCUF-057983,30/11/2021,AREEBA HIRA,MEHRAN MEHBOOD,9000
1090400017,2019-GCUF-058228,30/11/2021,SHAHID MAHMOOD,MUHAMMAD AKRAM,10000
1100600033,2018-GCUF-060065,30/11/2021,ROHEELA MUKHTAR,MUKHTAR AHMAD,6000
1100600023,2018-GCUF-059914,30/11/2021,MUHAMMAD AMIR SOHAIL,0,10000
1040800079,2017-GCUF-066728,30/11/2021,ZAINAB NAVEED KHAN,0,22300
1050600014,2018-GCUF-073137,30/11/2021,SYEDA NAHEEN KAZMI,SYED KHADIM HUSSAIN KAZMI,18000
1020400082,2019-GCUF-058052,30/11/2021,AYESHA IFTIKHAR,MUHAMMAD IFTIKHAR KHAN,14000
1110200074,2020-GCUF-064304,30/11/2021,SADIA ABDUL GHAFOOR,ABDUL GHAFOOR,6000
1120400107,2019-GCUF-057673,30/11/2021,BASHIR-UD-DIN SAFDAR,SAFDAR ALI,47000
1040800092,2017-GCUF-064377,30/11/2021,Tooba Shafiq ,0,5000
1090600014,2018-GCUF-060938,30/11/2021,SHAHZAMAN,SALEEM RAZA,10000
1080600037,2018-GCUF-073074,30/11/2021,MUHAMMAD SUBOOR,TALAT MEHMOOD,8000
1080400060,2019-GCUF-057533,30/11/2021,RIZWAN ALI,GHULAM HUSSAIN,25625
1010200068,2020-GCUF-059534,30/11/2021,AQIB ABID,ABID HUSSAIN,7000
1120600089,2018-GCUF-069888,30/11/2021,NOOR FATIMA,ALI ABBAS,5100
#N/A,#N/A,30/11/2021,NOOR FATIMA,M RAMZAN ZAHID,20000
#N/A,#N/A,30/11/2021,TAYYAB SAAD,M RAMZAN ZAHID,15500
#N/A,#N/A,30/11/2021,#N/A,SHAFIQ AHMAD,14000
1030400077,2019-GCUF-058711,30/11/2021,SONIA AZEEM,AZEEM AHMAD,15000
1110200116,2020-GCUF-059118,30/11/2021,MARYAM,M TARIQ,14000
1090600002,2018-GCUF-060946,30/11/2021,M SHAHNOOR,MUHAMMAD ASHIQ,4000
#N/A,#N/A,30/11/2021,#N/A,ALTAF HUSSAIN,20000
1120400118,2019-GCUF-057708,30/11/2021,,ALTAF HUSSAIN,10750
