Student ID,Accounts Registration No,Date,Student Name,Father Name,Amount
1080400070,2019-GCUF-057559,1/11/2021,ZAREEN EJAZ,EJAZ AHMAD,34250
1040800074,2017-GCUF-064369,1/11/2021,LAIBA AKRAM,0,33260
1040800107,2017-GCUF-064397,1/11/2021,Aqsa Akbar ,0,10000
1040600170,2018-GCUF-060363,1/11/2021,TAQDEES MANZOOR,MANZOOR AHMAD,21000
1080400085,2019-GCUF-057590,3/11/2021,RIMSHA IFTIKHAR,CH IFTIKHAR,8500
1120600062,2018-GCUF-059885,5/11/2021,MARYAM,TARIQ MASIH,5000
#N/A,#N/A,9/11/2021,YUSRA IKRAM,MIRZA IKRAM MEHMOOD,20000
#N/A,#N/A,12/11/2021,Ali Raza,M AYUB,3000
1080200137,2020-GCUF-064449,12/11/2021,SYED ALI KUMAIL BUKHARI,SYED SADIQ RAZA,15000
1020600035,2018-GCUF-059321,12/11/2021,AYESHA IRSHAD,M IRSHAD,6000
1040200240,2020-GCUF-059699,15/11/2021,MUHAMMAD AHMAD,M RAFIQUE,35000
1110600016,2018-GCUF-066106,16/11/2021,MAHNOOR MUNIR,MUNIR AHMAD GHAURI,5000
1070600005,2018-GCUF-059472,16/11/2021,ANEES KHAN,SHAHADAT KHAN,6000
1010200086,2020-GCUF-059575,16/11/2021,ANUM AZIZ,ROUF AZIZ,13500
1030600053,2018-GCUF-060501,16/11/2021,MUHAMMAD TALHA,GHULAM MUHAMMAD,15000
1110200076,2020-GCUF-064306,17/11/2021,HIRA RIAZ,M RIAZ,7000
1030200146,2020-GCUF-059504,17/11/2021,M SUFYAN ARSHAD,M ARSHAD,10000
1120200158,2020-GCUF-064111,19/11/2021,YOUSRA KHURSHEED,KHURSHED AHMAD,13000
1050600002,2018-GCUF-077494,22/11/2021,AYESHA MEHMOOD,MEHMOOD RASHID,8000
1080400096,2019-GCUF-057617,22/11/2021,SANA NOOR,NOOR ELAHI,12500
1080400061,2019-GCUF-077421,29/11/2021,RIDA E FATIMA,MANSIB ALI,18000
#N/A,#N/A,29/11/2021,SAIMA PERVEEN,M AFZAL,16000
1010200093,2020-GCUF-059599,30/11/2021,FAIZ ULLAH,MUNIR AHMAD,10000
