Student ID,Accounts Registration No,Date,Student Name,Father Name,Amount
1040200261,2020-GCUF-059763,1/11/2021,MINAHIL TARIQ,CHAUDHRY TARIQ AZIZ,30000
1120600079,2018-GCUF-059770,1/11/2021,SAIRA KHAN,IZAT KHAN,37100
1020200096,2020-GCUF-059169,1/11/2021,MEHWISH ASLAM,ZULFIQAR ALI,10000
#N/A,#N/A,1/11/2021,#N/A,M ASLAM,20000
1080400086,2019-GCUF-057592,1/11/2021,TAYYABA SUMMAN SALEEM,AMJAD SALEEM,12500
1080400072,2019-GCUF-057566,1/11/2021,NISA FATIMA,MUHAMMAD SHAHZAD,10000
1080400063,2019-GCUF-057543,1/11/2021,RIMSHA SAHAR,RIAZ AHMAD,6000
1080400066,2019-GCUF-057548,1/11/2021,NEHA,JAVAID MASIH,18000
1100400069,2019-GCUF-057882,1/11/2021,TANZILA MUMTAZ,ALLAH DITTA,10000
1040400226,2019-GCUF-058205,1/11/2021,ZAIMAH ISMAIL,MOHAMMAD ISMAIL,15000
1080400097,2019-GCUF-057619,1/11/2021,NIMRA NAEEM,NAEEM ARSHAD,10000
1080400070,2019-GCUF-057559,1/11/2021,MUQADDAS KHAN,EJAZ AHMAD,0
#N/A,#N/A,1/11/2021,#N/A,NAJEEB UR REHMAN,20000
1080400062,2019-GCUF-057541,1/11/2021,KAINAT BABER,ZAHEER-U-DIN BABER,36250
1030200120,2020-GCUF-059464,1/11/2021,HUSSAIN GEE,KASHIF CHOHAN,13000
1070200075,2020-GCUF-064048,1/11/2021,M SHAYAN HAIDER,M SHAHBAZ HAIDER,11000
1100400050,2019-GCUF-057804,1/11/2021,USAMA BIN HAKIM,HAKIM ALI,11000
#N/A,#N/A,1/11/2021,MEMOONA BASHARAT,Hakim Ali,3000
#N/A,#N/A,1/11/2021,#N/A,BASHARAT ALI,20000
1080600042,2018-GCUF-060713,1/11/2021,RIZWAN MURTAZA,GHULAM MUSTAFA,10000
1040800074,2017-GCUF-064369,1/11/2021,LAIBA AKRAM,0,0
1100600010,2018-GCUF-073156,1/11/2021,FARZEEN IRSHAD,IRSHAD ALI,6200
1040800089,2017-GCUF-064359,1/11/2021,Sarah Khan ,NASRULLAH KHAN,10000
1040800107,2017-GCUF-064397,1/11/2021,PAYAM BATOOL NAQVI,0,0
#N/A,#N/A,1/11/2021,HAFSA TAHIR BHATTI,SYED YAWAR HUSSAIN,20000
#N/A,#N/A,1/11/2021,#N/A,TAHIR UZ ZAMAN,20000
1100400065,2019-GCUF-069466,1/11/2021,AYESHA NAZIR,NAZIR AHMAD,15000
1100400055,2019-GCUF-057838,1/11/2021,HIRA ASHFAQ,MUHAMMAD ASHFAQ,12000
1070400021,2019-GCUF-059027,1/11/2021,MUHAMMAD JUNAID SALEEM,SALEEM AFZAL,9000
1100600029,2018-GCUF-060095,1/11/2021,NOOR UL NISA,MUHAMMAD AFZAL,5000
1040800088,2017-GCUF-064356,1/11/2021,M. Sohaib Imtiaz,0,10000
#N/A,#N/A,1/11/2021,Ansar Mehmood,Muhammad Ramzan,5000
1050400039,2019-GCUF-058505,1/11/2021,AHSAN MAHMOOD,AZHAR MAHMOOD,20500
1040600170,2018-GCUF-060363,1/11/2021,BISMA,MANZOOR AHMAD,0
#N/A,#N/A,1/11/2021,IRAM SHEHZADI,SHAHZADA NAEEM,20000
#N/A,#N/A,1/11/2021,HUSNAIN,SARWAR HUSSAIN,10000
#N/A,#N/A,1/11/2021,#N/A,M AKRAM,20000
1040800125,2017-GCUF-066915,1/11/2021,Huda Aqeel ,0,7500
1040800124,2017-GCUF-066893,1/11/2021,Hira Aqeel ,0,7500
1050400034,2019-GCUF-058473,1/11/2021,AMEER HAMZA,M. AHMAD NAEEM,9000
#N/A,#N/A,1/11/2021,USAMA ALI,RASHID ALI,20000
#N/A,#N/A,1/11/2021,#N/A,ALI AKBAR,20000
1080200130,2020-GCUF-064441,2/11/2021,TAYYABA SAEED,M SAEED,46500
1040600144,2018-GCUF-060156,2/11/2021,MARIAM RASHID,SYED RASHID HUSSAIN,33500
1070400023,2019-GCUF-059030,2/11/2021,ZOHAIB JAVED,JAVED MUSTAFA,15000
1050600003,2018-GCUF-073114,2/11/2021,IFRA AKHTAR,MUHAMMAD AKHTAR,5000
1060400101,2019-GCUF-059131,2/11/2021,AYESHA MARIYAM,MUHAMMAD YOUSAF,15000
1060400090,2019-GCUF-059116,2/11/2021,AYESHA LATEEF,MUHAMMAD LATEEF,22000
1060600076,2018-GCUF-070182,2/11/2021,ABEERA FATIMA,ZULFIQAR ALI,4000
1040600148,2018-GCUF-060285,2/11/2021,HAFIZA MAMOONA AKRAM,M AKRAM,11000
1030400102,2019-GCUF-058761,2/11/2021,ABDUR REHMAN MALIK,M TARIQ IQBAL,18300
1120600083,2018-GCUF-059745,2/11/2021,TAYYABA RAHAT,M RAHAT,10000
1060600080,2018-GCUF-070185,2/11/2021,ARFA TAHOOR ANWER,M ANWAR,16800
1120200150,2020-GCUF-064102,2/11/2021,HAFIZA HIJAB REHMAN,QAZI SAJID MEHMOOD,10000
1020200094,2020-GCUF-064320,2/11/2021,M AAKASH,M SAEED,7000
#N/A,#N/A,2/11/2021,#N/A,GHULAM RASOOL,19500
1080200114,2020-GCUF-064419,2/11/2021,FAREEHA FATIMA,#REF!,21000
#N/A,#N/A,2/11/2021,ZOHAIB,M FAYYAZ BHATTI,20000
#N/A,#N/A,2/11/2021,#N/A,ZULFIQAR ALI,20000
1020400083,2019-GCUF-058055,2/11/2021,SAWAIRA AHMED,#REF!,17000
1020400084,2019-GCUF-058058,2/11/2021,AWAIS NAZIR,M NAZIR,20000
1010400049,2019-GCUF-058871,2/11/2021,AHMAD SULTAN,SULTAN MEHMOOD,4000
1030200133,2020-GCUF-059476,2/11/2021,ASNA ZAHID,ZAHID HUSSAIN,20000
1040400206,2019-GCUF-058150,2/11/2021,MAHNOOR,ASIF JAMIL CHAUDARY,10000
1040600159,2018-GCUF-060368,3/11/2021,AYESHA RIAZ,RIAZ ALI,7800
1050200081,2019-GCUF-077785,3/11/2021,AIMAN GULZAR,GULZAR HUSSAIN,10000
1010400041,2019-GCUF-058848,3/11/2021,FAIQA ZAHID,ZAHID,10000
1060400122,2019-GCUF-059237,3/11/2021,HIRA SHAFIQUE,M SHAFIQUE,11250
1080400067,2019-GCUF-057551,3/11/2021,ASMA,RASHEED AHMAD,10000
1010600027,2018-GCUF-070115,3/11/2021,OSAMA SHAFIQ,M SHAFIQ,3000
1040600150,2018-GCUF-060389,3/11/2021,AQSA KHALIL,KHALIL AHMAD,10380
1040600157,2018-GCUF-060161,3/11/2021,EMAN FATIMA,M YOUSAF,12700
1080400085,2019-GCUF-057590,3/11/2021,RIMSHA IFTIKHAR,CH IFTIKHAR,0
1010200099,2020-GCUF-075542,3/11/2021,NADEEM ZULFIQAR,ZULFIQAR ALI,9000
1130600010,2018-GCUF-060607,3/11/2021,AROOJ AFZAL,M AFZAL,31250
#N/A,#N/A,3/11/2021,Muhammad Saif Ullah,HAFEEZULLAH,6900
1010600019,2018-GCUF-060776,3/11/2021,SHAHZEEN,DIN MUHAMMAD,10000
1040800114,2017-GCUF-064623,3/11/2021,Tayyaba Anwar,,20000
1070200051,2020-GCUF-063998,3/11/2021,M MURTAZA,M ARIF,5000
1020600059,2018-GCUF-070163,3/11/2021,RIMSHA ZAIDI,GHULAM HAIDER,10000
1020400070,2019-GCUF-058023,3/11/2021,AHSAN KHALID,KHALID MEHMOOD,10000
1070400032,2019-GCUF-059049,3/11/2021,MUDASAR MUSHRAF,WARIS WAHEED,10000
#N/A,#N/A,3/11/2021,#N/A,MUSHRAF HUSSAIN,20000
1010400066,2019-GCUF-058919,3/11/2021,HAFIZ ABDULLAH SPOURD,MUNAWAR HUSSAIN,5000
#N/A,#N/A,3/11/2021,#N/A,SPOURD ALI,20000
1120400137,2019-GCUF-057746,4/11/2021,FATIMA AKRAM,M AKRAM,15000
1050200082,2020-GCUF-059419,4/11/2021,TEHREEM FATIMA,M IRSHAD,7500
1040600141,2018-GCUF-060137,4/11/2021,ZAINAB IQBAL,JAVAID IQBAL,10500
1120600062,2018-GCUF-059885,4/11/2021,MARYAM,TARIQ MASIH,10000
1080200147,2020-GCUF-075665,4/11/2021,AYESHA,TAHIR ALI,10000
1120200169,2020-GCUF-064146,4/11/2021,MARYAM TAHIR,TAHIR KAMAL,12000
1120200191,2020-GCUF-064248,4/11/2021,MARIA FAWAD,M FAWAD,10000
1110200081,2020-GCUF-059050,4/11/2021,IQRA AJMAL,M AJMAL CHAUDHRY,6560
1100200101,2020-GCUF-063966,4/11/2021,HIRRA RIZVIA,NADEEM TIFAIL,9000
1060600038,2018-GCUF-059594,4/11/2021,AZAM FAROOQ,M FAROOQ,20000
1080600044,2018-GCUF-060701,4/11/2021,SYEDA NEHMAR ZAHRA,SYED MUJAHID,8000
1080200129,2020-GCUF-064439,4/11/2021,SIDRA,ALLAH DITTA,8600
1050400028,2019-GCUF-058462,4/11/2021,JAVERIA,ABDUL HAMEED,12000
1040800119,2017-GCUF-066884,4/11/2021,Mahnoor Yousaf ,,10000
1030400080,2019-GCUF-058714,4/11/2021,MUHAMMAD MAAZ,NASEER SADIQ,20000
1010400036,2019-GCUF-058830,4/11/2021,M. ALI BUTT,M AFZAL BUTT,15000
1030400109,2019-GCUF-058773,4/11/2021,MUHAMMAD USAMA ZULFIQAR,ZULFIQAR ALI,18000
1060200158,2020-GCUF-064546,4/11/2021,NADIA ZULFIQAR,ZULFIQAR ALI,4500
1010400047,2019-GCUF-058864,4/11/2021,MUHAMMAD MOID ISLAM,M AZHER ISLAM,10000
1040800076,2017-GCUF-064339,4/11/2021,SAIRA AMIR,ASGHAR ALI,21000
#N/A,#N/A,4/11/2021,#N/A,M AMIR,20000
1080600032,2018-GCUF-060694,4/11/2021,MUHAMMAD FAHAD BHATTI,M FAYYAZ BHATTI,6500
#N/A,#N/A,5/11/2021,Sana Aslam,M ASLAM,2000
1100600012,2018-GCUF-060063,5/11/2021,HADIA TALAT,TALAT MEHMOOD,10000
#N/A,#N/A,5/11/2021,Hassan Mehmood,TALAT MEHMOOD,5000
1080600023,2018-GCUF-060669,5/11/2021,EASHA RASHEED,RASHEED AHMAD,7500
1120600082,2018-GCUF-059739,5/11/2021,SHUMAILA NAZIR,NAZIR AHMAD,8000
1120600071,2018-GCUF-059847,5/11/2021,NAMRA IQBAL,AMIR IQBAL,9700
1120600057,2018-GCUF-059831,5/11/2021,ISHA/Shakeel,M SHAKEEL,10000
#N/A,#N/A,5/11/2021,Bilal Iftikahr,IFTIKHAR AHMAD,10000
1130600007,2018-GCUF-059368,5/11/2021,KHAN MUHAMMAD,M AFZAL,4500
#N/A,#N/A,5/11/2021,Saigha Nasir,NASIR MEHMOOD,2333
1100600011,2018-GCUF-059945,5/11/2021,M QASIM,M AKRAM,7000
#N/A,#N/A,5/11/2021,#N/A,M RIZWAN,24000
1060600063,2018-GCUF-059589,5/11/2021,MOAZIM ALI,SALMAN SIDDIQI,15000
#N/A,#N/A,5/11/2021,#N/A,ASHIQ HUSSIAN,20000
1040200258,2020-GCUF-059760,5/11/2021,MALIHA CHAUDHRY,M SALEEM,12500
#N/A,#N/A,5/11/2021,MARYAM,M ASHRAF,20000
1120600062,2018-GCUF-059885,5/11/2021,M YASEEN,TARIQ MASIH,0
#N/A,#N/A,5/11/2021,#N/A,M ASHIQ,20000
1060400099,2019-GCUF-059129,5/11/2021,RIMSHA LABHA,M YASEEN,20000
#N/A,#N/A,5/11/2021,#N/A,LABHA,20000
1060400118,2019-GCUF-059208,8/11/2021,AASIAH MARYAM,AHSAN RIAZ,30000
1120200174,2020-GCUF-064169,8/11/2021,HAFIZ M UMAIR WARIS,M WARIS,15000
1090200040,2020-GCUF-059269,8/11/2021,MAHNOOR,ABDUL KHALIQ,26000
1090200038,2020-GCUF-059255,8/11/2021,MUHAMMAD TAYYAB,ABDUL MAJEED,10000
1060600068,2018-GCUF-059626,8/11/2021,UREEBA RAFIQ,M RAFIQ,10000
1120200190,2020-GCUF-064246,8/11/2021,FARIA RIAZ,M RIAZ,14000
1070200062,2020-GCUF-064083,8/11/2021,HAFIZA NIMRA,M RAMZAN,7000
1080400058,2019-GCUF-057526,8/11/2021,SANA ARIF,M ARIF,10000
1080400073,2019-GCUF-057568,8/11/2021,AMINA,GHULAM HUSSAIN,10000
1060400120,2019-GCUF-059230,8/11/2021,MAHNOOR SABIR,M SABIR,10000
#N/A,#N/A,8/11/2021,Mahnoor Sabir,M SABIR,2333
1020600051,2018-GCUF-059332,8/11/2021,MUREED HASSAN,M NAZEER,5000
1020600045,2018-GCUF-059197,8/11/2021,NISHA,M IRSHAD,6500
#N/A,#N/A,8/11/2021,M HAMZA,M MUSHTAQ,20000
#N/A,#N/A,8/11/2021,#N/A,ABDUL GHAFOOR,20000
1030600063,2018-GCUF-075032,8/11/2021,SARMAD FAROOQ,M UMER FAROOQ,10000
1020600058,2018-GCUF-059243,8/11/2021,SYED UMER SHAH,SYED SHAFQAT,6400
1060600076,2018-GCUF-070182,8/11/2021,ABEERA FATIMA,ZULFIQAR ALI,20000
1110600008,2018-GCUF-066090,8/11/2021,AMNA,IFTIKHAR AHMAD,5000
1030400078,2019-GCUF-058712,8/11/2021,ABDULLAH TARIQ,M TARIQ,5000
1040800079,2017-GCUF-066728,8/11/2021,ZAINAB NAVEED KHAN,JAFFAR NAVEED KHAN,15000
1040800065,2017-GCUF-064371,8/11/2021,MEHBOOB AURANGZIB,AURANGZAIB,6000
1040800075,2017-GCUF-064340,8/11/2021,ADAM KHAWAJA,KHWAJA IDREES,5000
1070600004,2018-GCUF-059469,8/11/2021,M SHAHZAIB,SYED ABBAS ALI,6000
#N/A,#N/A,8/11/2021,KANWAL TAHIR,M RAFIQ,20000
1120200148,2020-GCUF-064101,8/11/2021,KANWAL TAHIR,M TAHIR SAEED,25000
1020600034,2018-GCUF-059337,8/11/2021,AYESHA,JAVED IQBAL,10000
1130600008,2018-GCUF-059370,8/11/2021,HAMMAD/ MUHAMMAD ASIF,AHMAD ALI,10000
1030400114,2019-GCUF-058779,8/11/2021,M ZUBAIR,M SULTAN,10000
#N/A,#N/A,8/11/2021,#N/A,M ANWAR,20000
1040800085,2017-GCUF-068067,8/11/2021,M. Abu Bakar Zamaz,M AZAM,44700
1080400089,2019-GCUF-057596,8/11/2021,KAINAT HANIF,M HANIF,12000
1100400049,2019-GCUF-057801,8/11/2021,ZOYA,GHULAM ALI,6000
#N/A,#N/A,8/11/2021,#N/A,M KHALID,20000
1040400189,2019-GCUF-058120,8/11/2021,MUHAMMAD SAQIB,RIAZ HUSSAIN,15000
1040400188,2019-GCUF-058121,8/11/2021,M. SHOAIB AZIZ,ABDUL AZIZI,15000
#N/A,#N/A,8/11/2021,Yasham Zuabair,ZUBAIR,2350
#N/A,#N/A,8/11/2021,ZOHAIB JAMIL,Sheikh azeem muhammad,3500
#N/A,#N/A,8/11/2021,FATIMA TUZ ZAHRA,M JAMIL,20000
#N/A,#N/A,8/11/2021,ALI RAZA,ARSHAD LATIF,20000
#N/A,#N/A,8/11/2021,NIMRA REHMAT,AYUB ALI,20000
#N/A,#N/A,8/11/2021,#N/A,REHMAT ALI,20000
1010400055,2019-GCUF-058891,9/11/2021,GHULAM MUSTAFA,MIRZA NASIR,7750
1020400065,2019-GCUF-058015,9/11/2021,ANOOSHA SHOUKAT,SHOUKAT ALI,50000
1010400035,2019-GCUF-058828,9/11/2021,M. TAHIR MUSTAFA,GHULAM MUSTAFA,9000
1020400077,2019-GCUF-058042,9/11/2021,ALI ZIA,M ASHRAF,25000
1090600016,2018-GCUF-070104,9/11/2021,ZAMAN ALI,ABDUL QAYYUM,5000
1040200273,2020-GCUF-059813,9/11/2021,M TALHA MAQSOOD,M AKRAM,18750
#N/A,#N/A,9/11/2021,#N/A,MAQSOOD AKHTAR,20000
1120200155,2020-GCUF-064108,9/11/2021,ASIF MEHMOOD QADRI,AMJAD ALI,18000
#N/A,#N/A,9/11/2021,#N/A,ALLAH DITTA,10000
1060200134,2020-GCUF-064492,9/11/2021,SYEDA LAIBA HUSSAIN,SYED AWAIS HUSSIAN,15000
1090400034,2019-GCUF-058348,9/11/2021,AFSHAN YASEEN,M YASEEN,12000
1120600063,2018-GCUF-059851,9/11/2021,MARYAM,M MIRAJ,8000
1020400068,2019-GCUF-058018,9/11/2021,AROZIA RAHMAT,REHMAT ALI,6250
1090600013,2018-GCUF-060940,9/11/2021,SHAHROZIA REHMAT,REHMAT ALI,3750
1020600055,2018-GCUF-059343,9/11/2021,SALMAN RAHMAT,REHMAT ALI,5000
#N/A,#N/A,9/11/2021,YUSRA IKRAM,QASIM HUSSAIN,2333
#N/A,#N/A,9/11/2021,ASHHER ANDRABI,MIRZA IKRAM MEHMOOD,0
#N/A,#N/A,9/11/2021,MOMINA NAFEES,M PERVAIZ,20000
#N/A,#N/A,9/11/2021,#N/A,NAFEES IBRAHIM,20000
1030200145,2020-GCUF-059489,9/11/2021,AMNA ALI,M ANWAR ZAIGHAM,12500
#N/A,#N/A,12/11/2021,#N/A,ALI SHER,20000
1050600006,2018-GCUF-073134,12/11/2021,NIMRA MUQAADDAS BHATTI,ANWAR KAMAL,3000
1090600004,2018-GCUF-060941,12/11/2021,MAHAM NOOR,GHULAM NABI,5000
1060200158,2020-GCUF-064546,12/11/2021,SABEEHA,ZULFIQAR ALI,29000
#N/A,#N/A,12/11/2021,#N/A,M HAFEEZ,20000
1080200134,2020-GCUF-064444,12/11/2021,SAIMA NASEER,NASEER AHMAD,31000
1040600142,2018-GCUF-060386,12/11/2021,M HUZAIFA TAUHEED,M SALEEM,10500
#N/A,#N/A,12/11/2021,#N/A,NAZIR AHMAD,20000
1030600039,2018-GCUF-060503,12/11/2021,HARIS NISAR,M IQBAL,7500
#N/A,#N/A,12/11/2021,SWAIRA FAREED,NISAR AHMAD KHAN,20000
#N/A,#N/A,12/11/2021,#N/A,M FAREED,20000
1100200105,2020-GCUF-063978,12/11/2021,SARDAR KHAN,DONA ,10000
#N/A,#N/A,12/11/2021,MARIUM MUKHTAR,M Ayub,6000
#N/A,#N/A,12/11/2021,#N/A,MUKHTAR MASIH,20000
#N/A,#N/A,12/11/2021,Samiullah,Aftab Iqbal,7000
#N/A,#N/A,12/11/2021,Ali Raza,M AYUB,0
1120600047,2018-GCUF-059758,12/11/2021,AYESHA MUZAFFAR,MUZAFFAR SARDAR,12500
1100600018,2018-GCUF-060096,12/11/2021,KHADIJA TUFAIL,M TUFAIL,6000
1080200137,2020-GCUF-064449,12/11/2021,SYED ALI KUMAIL BUKHARI,SYED SADIQ RAZA,0
1120200161,2020-GCUF-064123,12/11/2021,SHAHNAZ YOUNAS,SHAHID IQBAL,13000
#N/A,#N/A,12/11/2021,#N/A,YOUNAS MASIH,20000
1050400035,2019-GCUF-058478,12/11/2021,SAJID HUSSAIN,SABIR HUSSAIN,10000
1100600021,2018-GCUF-060041,12/11/2021,MUGHEES UL REHMAN,ABDUL QAYYUM,6000
1020600042,2018-GCUF-059214,12/11/2021,INZA JAVAID,TARIQ JAVAID,12000
1020600035,2018-GCUF-059321,12/11/2021,AYESHA IRSHAD,M IRSHAD,0
1090400019,2019-GCUF-058236,12/11/2021,AFZAAL ARSHAD,M GULZAR,4000
1090400018,2019-GCUF-058233,12/11/2021,MUHAMMAD AMIR,M AKRAM,4000
1010200090,2020-GCUF-059587,12/11/2021,CANCEL,M ARSHAD,10000
#N/A,#N/A,12/11/2021,#N/A,,0
#N/A,#N/A,12/11/2021,Nazish Iqbal,DAIM IQBAL,11665
#N/A,#N/A,12/11/2021,AHSAN ALI,LIAQAT ALI,14000
#N/A,#N/A,12/11/2021,#N/A,M ALI,20000
1080400094,2019-GCUF-057556,15/11/2021,MOMINA IRFAN,IRFAN SABIR,12500
1080600050,2018-GCUF-060642,15/11/2021,ZARAFSHAN,M AMJAD,7500
1120400099,2019-GCUF-057636,15/11/2021,AIZA RAFI,KHWAJA ABDUL RAFI,11000
1120400096,2019-GCUF-057633,15/11/2021,MARYAM,M NAEEM,10000
1120200163,2020-GCUF-064125,15/11/2021,LAIBA ANEES,M ANEES,14000
1040800127,2017-GCUF-064626,15/11/2021,Nimra Mehmood,,6000
1120200178,2020-GCUF-064188,15/11/2021,SANIA NADEEM,NADEEM ABBAS,14000
1120200156,2020-GCUF-064109,15/11/2021,ISHA AMEEN,ZAFAR ALI K HAN,16600
#N/A,#N/A,15/11/2021,HUMA NAWAZ,M AMEEN,20000
#N/A,#N/A,15/11/2021,RIMSHA,M NAWAZ,20000
#N/A,#N/A,15/11/2021,ZOYA YAQOOB,FAQIR HUSSAIN,20000
#N/A,#N/A,15/11/2021,HUSSNAIN ALI,M YAQOOB,20000
#N/A,#N/A,15/11/2021,#N/A,GHULAM HUSSAIN,20000
1050600001,2018-GCUF-073132,15/11/2021,AQSA ANAYAT ALI,ANAYAT ALI,3500
1060200135,2020-GCUF-075527,15/11/2021,BISMA RIAZ,RIAZ AHMAD,13750
1070400042,2019-GCUF-059087,15/11/2021,SAMEER REHAN,REHAN ALI,8500
1010400059,2019-GCUF-058905,15/11/2021,ABDUL HASEEB REHAN,REHAN ALI,7250
1060600062,2018-GCUF-059638,15/11/2021,RUSHDA RIAZ,M RIAZ,6000
1070400019,2019-GCUF-059022,15/11/2021,TASBIHA ALTAF,ALTAF HUSSAIN,10000
1080600036,2018-GCUF-060698,15/11/2021,MUHAMMAD SHAFIQ UR REHMAN,M ASLAM,8000
1120600080,2018-GCUF-059843,15/11/2021,SHUMAILA,M ASLAM,8000
#N/A,#N/A,15/11/2021,Muhammad Shafiq Ur Rehman,M ASLAM,3000
1060600041,2018-GCUF-059582,15/11/2021,EYESHA,M QADEER,3000
1060600071,2018-GCUF-069871,15/11/2021,HAFIZA IQRA AKRAM,M AKRAM,10000
1040600166,2018-GCUF-060183,15/11/2021,ZAINAB JAVED,M JAVED,10000
1100600035,2018-GCUF-060043,15/11/2021,SHAHEEN IQBAL,SHABIR HUSSIAN,6000
1100600008,2018-GCUF-060011,15/11/2021,ATTIA SHAHZADI,NASEEB ALI,6000
1090200049,2020-GCUF-059308,15/11/2021,SABAHAT ZAHRA,ABDUL NASIR,10000
1100200094,2020-GCUF-075536,15/11/2021,ZOHA SHAKOOR,ABDUL SHAKOOR,7000
1120600052,2018-GCUF-059824,15/11/2021,GULSHAN,M ASLAM,15000
1120600078,2018-GCUF-059828,15/11/2021,SABA JABEEN,M NAWAZ,8000
1120600094,2018-GCUF-070170,15/11/2021,IQRA SHABIR,SHABIR AHMAD,10000
1060600061,2018-GCUF-059599,15/11/2021,NIMRA YASIN,GHULAM YASEEN,10000
1020200091,2020-GCUF-064318,15/11/2021,M HAMDAN NAEEM,M NAEEM,11000
1040600187,2000-Demo-00000,15/11/2021,NASREEN E MUSTAFA,M NAEEM,6000
1100400073,2019-GCUF-057891,15/11/2021,GHULAM MUDASAR RAFIQ,SARDAR MUHAMMAD,8000
1100400071,2019-GCUF-057886,15/11/2021,NASRULLAH,MEHFOOZ UR REHMAN,6000
#N/A,#N/A,15/11/2021,Nasrullah,MEHFOOZ UR REHMAN,2300
1100200102,2020-GCUF-063985,15/11/2021,USAMA ARIF,M ARIF,10000
1060400110,2019-GCUF-059190,15/11/2021,MAHPARA,M ANWAR,10000
1120600074,2018-GCUF-059747,15/11/2021,NOOR UL FAJR AKRAM,M AKRAM,10000
1120600088,2018-GCUF-069887,15/11/2021,KASHAF ASGHAR,ALI ASGHAR,10000
1120600060,2018-GCUF-059819,15/11/2021,MARIYAM,GHULAM RASOOL,8000
1040600147,2018-GCUF-060224,15/11/2021,ZAIN UL HASSAN,GHULAM QADIR,18000
1040600140,2018-GCUF-060229,15/11/2021,RIMSHA SHAHID,M SHAHID,18600
1060600081,2018-GCUF-070186,15/11/2021,SAMINA KOUSAR,HAFIZ M BILAL,3000
1100600043,2018-GCUF-059970,15/11/2021,USAMA NIAZ,NIAZ AHMAD,1500
1100600022,2018-GCUF-073151,15/11/2021,MUHAMMAD ADEEL,ABDUL HAMEED,1500
1030400110,2019-GCUF-069510,15/11/2021,MUHAMMAD HASAN RAZA QADRI,ZULFIQAR BASHIR,21000
1120600081,2018-GCUF-059837,15/11/2021,SHUMAILA AMEEN,M AMEEN,10000
#N/A,#N/A,15/11/2021,Rubaa Afzaal Butt,M AFZAL BUTT,2333
1030200127,2020-GCUF-064277,15/11/2021,ATIF IDREES,M ALEEM,7500
1030200155,2020-GCUF-059521,15/11/2021,ATIF IDREES,M IDREES,20000
1120200172,2020-GCUF-064157,15/11/2021,JAWAIRYA RAFIQ,M RAFIQ,9500
1080400075,2019-GCUF-057570,15/11/2021,M. USMAN AMJAD,M AMJAD,25625
1060600037,2018-GCUF-059560,15/11/2021,LAIBA AZIZ,M AHMAD,9000
#N/A,#N/A,15/11/2021,CANCEL,ABDUL AZIZ,20000
#N/A,#N/A,15/11/2021,#N/A,,0
1020600033,2018-GCUF-059249,15/11/2021,AREEJ BUKHTYAR,ABID HUSSIAN,6000
1070400026,2019-GCUF-059034,15/11/2021,USAMA ABID,ABID HUSSIAN,9000
1040200255,2020-GCUF-059750,15/11/2021,HAMZA IJAZ,MAQBOOL AHMAD,12000
#N/A,#N/A,15/11/2021,#N/A,IJAZ SOHAIB,20000
1040600156,2018-GCUF-060232,15/11/2021,KAINAT ISRAR,ISRAR UL HAQ,10000
#N/A,#N/A,15/11/2021,Kainat,ISRAR UL HAQ,2333
1120400131,2019-GCUF-057736,15/11/2021,LAIBA GHAFFAR,ABDUL GHAFFAR,750
1060200136,2020-GCUF-064564,15/11/2021,EYSHA JAVED,M TEHSEEN,15000
1050200087,2020-GCUF-059427,15/11/2021,AROOSA  REHMAN,ABDUL REHMAN,6000
1110200091,2020-GCUF-059141,15/11/2021,SNOVIA ARFAN,RAJA IRFAN,7000
1120200150,2020-GCUF-064102,15/11/2021,HAFIZA HIJAB REHMAN,QAZI SAJID MEHMOOD,7500
1110200120,2020-GCUF-064311,15/11/2021,SHAHRUKH FARRUKH,RANA FARUKH,6750
1040800090,2017-GCUF-064362,15/11/2021,Tabinda Jabeen Ghaffar,,7100
1110200094,2020-GCUF-064310,15/11/2021,TAYYABA ISHAQ,M ISHAQ,8500
1040600135,2018-GCUF-060214,15/11/2021,AYESHA SADIQ,M SUBA SADIQ,13200
1040800095,2017-GCUF-064399,15/11/2021,Tania Raees,,8000
1110200075,2020-GCUF-075545,15/11/2021,AROOJ ZAFAR,ZAFAR IQBAL,6000
1030600037,2018-GCUF-060572,15/11/2021,HASSAN ASGHAR,M ASGHAR,7500
1110400024,2019-GCUF-058568,15/11/2021,MUHAMMAD WASEEM,GHULAM RASOOL,11000
1040600162,2018-GCUF-060141,15/11/2021,RIMSHA SAFDAR,SAFDAR HUSSAIN,13400
1040600174,2018-GCUF-060288,15/11/2021,LAIBA MAZHAR,M MAZHER,10000
1020600046,2018-GCUF-074963,15/11/2021,MUHAMMAD RAMZAN,FARMAN ALI,6000
#N/A,#N/A,15/11/2021,Bahar-E-Bareera,RAJA ZAFAR,2000
1060200173,2020-GCUF-075573,15/11/2021,SAIRA,ILYAS MASIH,23000
1060200167,2020-GCUF-064555,15/11/2021,AREEBA MASROOR,MALIK MASROOR,12450
1040600177,2018-GCUF-071724,15/11/2021,LAIBA IBRAHIM,FAISAL NAVEED,13000
#N/A,#N/A,15/11/2021,#N/A,M IBRAHIM,20000
1110200080,2020-GCUF-064307,15/11/2021,MUHAMMADA TEHSIN ANWAR,M ANWAR,14000
1080400077,2019-GCUF-057575,15/11/2021,KAMRAN RAMZAN,M RAMZAN,10000
1050200059,2020-GCUF-059333,15/11/2021,MAIRA JUNAID,JUNAID,6250
1080400087,2019-GCUF-057593,15/11/2021,FAIZA RAFIQUE,M RAFIQUE,12000
1070600007,2018-GCUF-059498,15/11/2021,KAUSAR,FARYAD,5000
1070600002,2018-GCUF-059500,15/11/2021,ABIDA MAQBOOL,MAQBOOL HUSSIAN,6000
1130400016,2019-GCUF-058804,15/11/2021,WISHWAH SHAKIR,SHAKIR,9750
1010400060,2019-GCUF-058910,15/11/2021,MUHAMMAD YOUNAS,M HUSSAIN,5000
1010400052,2019-GCUF-058876,15/11/2021,BILAL SHAHZAD,ALLAH BAKHSH,13000
1010400032,2019-GCUF-058821,15/11/2021,ROOMA SHABBIR,SHABIR,10000
1070400027,2019-GCUF-059038,15/11/2021,M. SOHAIB FAISAL,FAISAL FAROOQ,18600
1010600017,2018-GCUF-060755,15/11/2021,MUHAMMD LUQMAN ALI,MUKHTAR AHMAD,10000
1110600012,2018-GCUF-066100,15/11/2021,HUNAIN ARSHAD,ARSHAD ALI,5000
1050400057,2019-GCUF-069447,15/11/2021,MUHAMMAD AJMAL,ALLAH RAKHA,12500
1060600055,2018-GCUF-059509,15/11/2021,MARYAM ABBAS,M ABBAS,10000
1100600016,2018-GCUF-059991,15/11/2021,IMRAN AJMAL,M AJMAL,13000
1010600015,2018-GCUF-060782,15/11/2021,HAMZA IQBAL,M IQBAL,5000
1110400026,2019-GCUF-058570,15/11/2021,MUSHARFA HAQ,ABDUL HAQ,10000
1100600009,2018-GCUF-060092,15/11/2021,BISMAH SAJJAD,SAJJAD HAFEEZ,5000
1010600020,2018-GCUF-060764,15/11/2021,TALHA MAQBOOL,M MAQBOOL,6500
1010600012,2018-GCUF-060757,15/11/2021,ALISHBA SHAHID,SHAHID HUSSAIN,5000
1090600011,2018-GCUF-060945,15/11/2021,MUHAMMAD ZUBAIR,M KHALIL,5000
1090600010,2018-GCUF-077495,15/11/2021,MUHAMMAD YOUSAF,MEHBOOB ALI,5000
1020600025,2018-GCUF-059228,15/11/2021,ALEENA FAROOQ,FAROOQ ANWAR,12375
#N/A,#N/A,15/11/2021,Aleena Farooq,FAROOQ ANWAR,2333
1020600041,2018-GCUF-059202,15/11/2021,HUZAIRAH ABDUR REHMAN,ABDUL REHMAN,5000
1100400066,2019-GCUF-057865,15/11/2021,SAIM JAVED,ARIF JAVED,30000
1050200078,2020-GCUF-059416,15/11/2021,ALLAH DITTA,SHABBIR AHMAD,6000
#N/A,#N/A,15/11/2021,#N/A,GOHAR ALI,20000
1090400029,2019-GCUF-058339,15/11/2021,RAHMAN ZADA,ARIF JAVED,10500
#N/A,#N/A,15/11/2021,RAHMAN ZADA,MISKEEN,20000
#N/A,#N/A,15/11/2021,#N/A,MISKEEN,15000
1040200240,2020-GCUF-059699,15/11/2021,NIMRA MANZOOR,M RAFIQUE,0
#N/A,#N/A,15/11/2021,AUSAF ALI,MANZOOR HUSSAIN,20000
#N/A,#N/A,15/11/2021,M ZAHID ABDULLAH,SYED FALAK SHER,15000
#N/A,#N/A,15/11/2021,#N/A,TAHIR UZ ZAMAN,10000
1080600026,2018-GCUF-074068,15/11/2021,HAMZA MADNI,ABDUL MAJEED,5000
1080600030,2018-GCUF-060748,15/11/2021,SHAHZAD KHADIM,M SHAHBAZ,5000
#N/A,#N/A,15/11/2021,#N/A,KHADIM HUSSAIN,20000
1040400230,2019-GCUF-058210,15/11/2021,MUHAMMAD ABUBAKER TARIQ,TARIQ BILAL,18000
1030600030,2018-GCUF-060476,15/11/2021,ALI HASSAN IMRAN,MALIK IMRAN,8475
1030600062,2018-GCUF-060451,15/11/2021,SAQLAIN HAIDAR,M SHAREEF,5000
1040600175,2018-GCUF-071708,15/11/2021,AMNA WAJAHAT,WAJAHAT ALI,10000
