Student ID,Accounts Registration No,Date,Student Name,Father Name,Amount
1080600044,2018-GCUF-060701,1/10/2021,SYEDA NEHMAR ZAHRA,SYED MUJAHID HUSSAIN,8000
1060600072,2018-GCUF-069873,1/10/2021,IQRA RASHEED,MUHAMMAD RASHEED,20000
1070400032,2019-GCUF-059049,4/10/2021,URFA WARIS,WARIS WAHEED,10000
1070400036,2019-GCUF-059060,4/10/2021,SYED YAWAR ABBAS,SYED BASAHRAT UL HASSAN,7333
1090600002,2018-GCUF-060946,4/10/2021,HARAIRA ASHIQ,MUHAMMAD ASHIQ,4000
1080600020,2018-GCUF-060644,4/10/2021,ASIF HALEEM,ABDULHALEEM,7500
1120200153,2020-GCUF-064106,4/10/2021,RIMSHA RAFIQUE,M RAFIQUE,12200
1040800082,2017-GCUF-064361,4/10/2021,Hafiza Amara Raza ,, -   
1010400060,2019-GCUF-058910,5/10/2021,MUHAMMAD YOUNAS,MUHAMMAD HUSSAIN,11000
1050600017,2018-GCUF-070194,5/10/2021,QUNDEEL SADAF,ASIF ALI,15000
1100400080,2019-GCUF-057972,5/10/2021,SAMEEN KHALID,KHALID MEHMOOD,10000
1040800066,2017-GCUF-068066,6/10/2021,BAHAR-E-BAREEBA,,31000
1040800066,2017-GCUF-068066,6/10/2021,BAHAR-E-BAREEBA,,700
1060600066,2018-GCUF-074015,6/10/2021,TALIA KHAN,MUHAMMAD ASLAM,38800
1080200101,2020-GCUF-064414,6/10/2021,MAHNOOR TARIQ,TARIQ MEHMOOD,44750
1040600171,2018-GCUF-060234,6/10/2021,SALEHA MANSOOR,MANSOOR AHMED,20000
1120600053,2018-GCUF-059760,7/10/2021,HAMNA AFZAL,MUHAMMAD AFZAL,8000
1020600046,2018-GCUF-074963,7/10/2021,MUHAMMAD RAMZAN,FARMAN ALI,6000
1050200081,2019-GCUF-077785,7/10/2021,AIMAN GULZAR,GULZAR HUSSAIN,10000
1060600035,2018-GCUF-059587,7/10/2021,AQSA IMRAN,MUHAMMAD IMRAN,25400
1120400098,2019-GCUF-057726,8/10/2021,MISSAL FATIMA,SYED ASHFAQ AHMED GILLANI,21000
1120400133,2019-GCUF-057738,11/10/2021,MUSKHAN,ASIF MASIH,23500
1040400193,2019-GCUF-058128,11/10/2021,M. MUJTABA MASOOD,MUHAMMAD MASOOD,55250
1060400125,2019-GCUF-059244,11/10/2021,YASHAM ZUBAIR,ZUBAIR IQBAL,26000
1050400030,2019-GCUF-058465,11/10/2021,ALIA BIBI,NIAZ AHMAD,11000
1090200046,2020-GCUF-059305,11/10/2021,SADAF ,ABDUL MAJEED,9000
1080600025,2018-GCUF-060739,11/10/2021,HAFIZA SUMBAL TAHIR,SYED TAHIR HUSSAIN SHAH NAQVI,10000
1040400191,2019-GCUF-058125,11/10/2021,LAIBA ZAFAR,ZAFAR ALI,20000
1080400078,2019-GCUF-057579,11/10/2021,ZOJAJA ISHAQ,MUHAMMAD ISHAQ,12000
1080400089,2019-GCUF-057596,11/10/2021,KAINAT HANIF,MUHAMMAD HANIF,13000
1120400116,2019-GCUF-057702,11/10/2021,MALAIKA,SAHIBZADA,39000
1050600001,2018-GCUF-073132,11/10/2021,AQSA ANAYAT ALI,ANAYAT ALI,4000
1040800065,2017-GCUF-064371,11/10/2021,MEHBOOB AURANGZIB,,9000
1040200255,2020-GCUF-059750,11/10/2021,SMAVIA MAQBOOL,MAQBOOL AHMAD,12000
1040600174,2018-GCUF-060288,11/10/2021,LAIBA MAZHAR,MUHAMMAD MAZHAR RAFIQ,5800
1010400055,2019-GCUF-058891,11/10/2021,GHULAM MUSTAFA,MIRZA NASIR MAHMOOD,7750
1120400109,2019-GCUF-057678,11/10/2021,SHAHEEN NAWAZ,MUHAMMAD NAWAZ,15000
1090200053,2020-GCUF-064301,11/10/2021,AFNAN NADEEM,M NADEEM,26000
1100600011,2018-GCUF-059945,11/10/2021,GHULAM ALI,MUHAMMAD AKRAM,7000
1110600012,2018-GCUF-066100,11/10/2021,HUNAIN ARSHAD,ARSHAD ALI,5000
1040800086,2017-GCUF-064357,11/10/2021,Muhammad Adnan ,, -   
1040400195,2019-GCUF-058132,11/10/2021,FARYAL BASEERAT DAR,MAQBOOL HUSSAIN,61000
1060400120,2019-GCUF-059230,11/10/2021,MAHNOOR SABIR,MUHAMMAD SABIR,20000
1060400117,2019-GCUF-059202,11/10/2021,ARMISH QASIM,QASIM HUSSAIN,26500
1060400105,2019-GCUF-059135,11/10/2021,ZARISH SHAKEEL,SHAKEEL TAHIR,15000
1070200056,2020-GCUF-064064,11/10/2021,KALEEM ULLAH,ZAFAR ULLAH,7500
1040400228,2019-GCUF-058208,11/10/2021,RUBAA AFZAAL BUTT,MUHAMMAD AFZAAL BUTT,14500
1080600024,2018-GCUF-060649,11/10/2021,FARVA BATOOL,TARIQ HUSSAIN,7000
1050600006,2018-GCUF-073134,11/10/2021,NIMRA MUQAADDAS BHATTI,ANWAR KAMAL BHATTI,6000
1040600136,2018-GCUF-060378,11/10/2021,HADIQA NAEEM,CH.M.NAEEM,13200
1030200126,2020-GCUF-059470,11/10/2021,RIMSHA HANIF,HANIF MASIH,9000
1020600034,2018-GCUF-059337,11/10/2021,AYESHA,JAVED IQBAL,4000
1020600040,2018-GCUF-059342,11/10/2021,HAMZA ABID,ABID HUSSAIN,10000
1130600008,2018-GCUF-059370,11/10/2021,HAMMAD/ MUHAMMAD ASIF,AHMAD ALI,4000
1040200276,2020-GCUF-059819,11/10/2021,NOOR UL AJWA,MIAN M SHAFIQ,69000
1070400034,2019-GCUF-059055,11/10/2021,BASHIR SAEED SHAMI,MUHAMMAD SAEED SHAMI,33900
1100600031,2018-GCUF-060007,11/10/2021,RAAHIM AHMAD,MUHAMMAD ISLAM,30000
1120600044,2018-GCUF-074066,11/10/2021,AROOBA TAHSEEN JATOI,ABDUL GHAFAR JATOI,32500
1040400210,2019-GCUF-058155,11/10/2021,TEENAT AROOB,GHULAM BILAL DAR,30000
1120600060,2018-GCUF-059819,11/10/2021,MARIYAM,GHULAM RASOOL,9000
1030400098,2019-GCUF-058754,11/10/2021,BAZISH EMAN BHATTI,FAISAL SHOAIB BHATII,36600
1080600033,2018-GCUF-060667,11/10/2021,MUHAMMAD HANAN,YOUNIS ALI,7000
1030600039,2018-GCUF-060503,11/10/2021,HUZAIFA IQBAL,MUHAMMAD IQBAL KHAN,7500
1120200161,2020-GCUF-064123,11/10/2021,BISMA SHAHID,SHAHID IQBAL,14250
1080400082,2019-GCUF-057587,11/10/2021,LAIBA KHADIM,SYED KHADIM HUSSAIN SHAH,35630
1110200119,2020-GCUF-059134,11/10/2021,TAHIRA,ABDUL GHAFOOR,9000
1120200181,2020-GCUF-064210,11/10/2021,SAMIA SHEHZADI,NAZIR AHMAD,6000
1020600034,2018-GCUF-059337,11/10/2021,AYESHA,MUHAMMAD TARIQ,5000
1080400092,2019-GCUF-057603,11/10/2021,HIFSA,MUHAMMAD TARIQ,5000
1130400016,2019-GCUF-058804,11/10/2021,WISHWAH SHAKIR,SHAKIR,9750
1110200097,2020-GCUF-059078,11/10/2021,TOOBA FAYYAZ,M FAYYAZ,10000
1110200091,2020-GCUF-059141,11/10/2021,SNOVIA ARFAN,RAJA ARFAN,6000
1040800119,2017-GCUF-066884,11/10/2021,Mahnoor Yousaf ,,10000
1040800118,2017-GCUF-064630,11/10/2021,Alishba Iftikhar,,10000
1040800110,2017-GCUF-066695,11/10/2021,Rimsha Khalid,KHALID MEHMOOD,16000
1050400048,2019-GCUF-058545,11/10/2021,ALI RAZA,GHULAM MUSTAFA,21200
1040800079,2017-GCUF-066728,11/10/2021,ZAINAB NAVEED KHAN,,10000
1060600036,2018-GCUF-059681,11/10/2021,ASHBEEL SHAMIN,SHAMIM IQBAL GILL, -   
1030600067,2018-GCUF-060529,11/10/2021,UZWA ARIF,ARIF HUSSAIN,8000
1040600142,2018-GCUF-060386,11/10/2021,MALIHA SALEEM,M.SALEEM,10500
1110200110,2020-GCUF-059102,11/10/2021,MARYAM QAYYUM,ABDUL QAYYUM,10000
1110200095,2020-GCUF-059075,11/10/2021,UMAIMA ASLAM,M ASLAM,13500
1080600041,2018-GCUF-073069,11/10/2021,RIDA NAVEED,NAVEED MAJEED,7000
1120600081,2018-GCUF-059837,11/10/2021,SHUMAILA AMEEN,MUHAMMAD AMEEN,10000
1060200136,2020-GCUF-064564,11/10/2021,EYSHA JAVED,MUHAMMAD TEHSEEN,15000
1080400073,2019-GCUF-057568,11/10/2021,AMINA,GHULAM HUSSAIN,10000
1060200160,2020-GCUF-064548,11/10/2021,MAHA BASHIR,M BASHIR,20000
1060200170,2020-GCUF-064558,11/10/2021,SADIA IMTIAZ,IMTIAZ AHMAD,12000
1110400073,2019-GCUF-069517,11/10/2021,AMBER IJAZ,IJAZ HUSSAIN,7000
1070200080,2020-GCUF-064059,11/10/2021,AMMAR UL HASSAN,AMJAD HUSSAIN,13000
1080400094,2019-GCUF-057556,11/10/2021,MOMINA IRFAN,IRFAN SABIR,12500
1040600159,2018-GCUF-060368,11/10/2021,AYESHA RIAZ,RIAZ ALI BHATTI,7800
1100600022,2018-GCUF-073151,11/10/2021,MUHAMMAD ADEEL,ABDUL HAMEED,11000
1100600043,2018-GCUF-059970,11/10/2021,USAMA NIAZ,NIAZ AHMAD,11000
1050400037,2019-GCUF-058481,11/10/2021,HAFSA SOHAIL,SOHAIL AHMED,3500
1050200072,2020-GCUF-059372,11/10/2021,MARYAM USMAN,M USMAN,6500
1040800099,2017-GCUF-066752,11/10/2021,M. Atif Sardar,Sardar Muhammad,6000
1020200094,2020-GCUF-064320,11/10/2021,M MUDASIR SAEED,M SAEED RASHEED,8000
#N/A,#N/A,11/10/2021,M FAAD,M TARIQ,5000
1090200049,2020-GCUF-059308,12/10/2021,SABAHAT ZAHRA,ABDUL NASIR,10000
1060200152,2020-GCUF-064541,12/10/2021,ZAHA,M SALEEM RAZA,5000
1120200150,2020-GCUF-064102,12/10/2021,HAFIZA HIJAB REHMAN,QAZI SAJID MEHMOOD,10000
1110200118,2020-GCUF-059128,12/10/2021,HAFSA SALMAN,M SALMAN,7000
1130400013,2019-GCUF-058799,12/10/2021,MUSAFRA RIAZ,RIAZ AHMAD,40600
1040800089,2017-GCUF-064359,12/10/2021,Sarah Khan ,NASRULLAH KHAN,5000
1100400087,2019-GCUF-057996,12/10/2021,HAFIZA MALEEHA NADEEM,MUHAMMAD NADEEM KHAN,35000
1060200133,2020-GCUF-064515,12/10/2021,HAFIZA ARWA NADEEM,M NADEEM KHAN,45000
1130600012,2018-GCUF-070109,12/10/2021,MIRZA ATIF BAIG,MEHBOOB BAIG,10000
1040600158,2018-GCUF-060204,12/10/2021,TAHREEM FATIMA,CH.KHALIL AHMAD,20000
1040600156,2018-GCUF-060232,12/10/2021,KAINAT ISRAR,ISRAR UL HAQ,10000
#N/A,#N/A,12/10/2021,RIMSHA HUSSIN,FAQEER HUSSAIN,15000
1040600173,2018-GCUF-060147,12/10/2021,KOMAL ALLAH DITTA GONDAL,ALLAH DITTA,13880
1030200134,2020-GCUF-059478,12/10/2021,M SHAHAN KHAN,M AKRAM KHAN,45000
1070200068,2020-GCUF-064029,12/10/2021,ALI  HAMZA,M YAAR,10500
1120200154,2020-GCUF-064107,12/10/2021,EMAN SHAHZADI,MAHMOOD AHMAD,17750
1060200158,2020-GCUF-064546,12/10/2021,NADIA ZULFIQAR,ZULFIQAR ALI KHOKHAR,10000
1120200178,2020-GCUF-064188,12/10/2021,SANIA NADEEM,NADEEM ABBAS,13000
1120200183,2020-GCUF-064226,12/10/2021,NARMEEN ABID,ABID MOHI UD DIN,20000
1120400099,2019-GCUF-057636,12/10/2021,AIZA RAFI,KHAWAJA ABDUL RAFI,11000
1120400096,2019-GCUF-057633,12/10/2021,MARYAM,M. NAEEM,10000
1080400059,2019-GCUF-057531,12/10/2021,M. ARSALAN BASHARAT,BASHARAT ALI,10000
1080400060,2019-GCUF-057533,12/10/2021,RIZWAN ALI,GHULAM HUSSAIN,10000
1070400020,2019-GCUF-069503,12/10/2021,USAMA ASLAM,MUHAMMAD ASLAM,20000
1070600009,2018-GCUF-059491,12/10/2021,MUAZAM SAFDAR,MUHAMMAD SAFDAR,20000
1010200081,2020-GCUF-059562,12/10/2021,MUSKAN,RIAZ AHMAD,39000
1100200105,2020-GCUF-063978,12/10/2021,SARDAR KHAN,DONA,9000
1080600045,2018-GCUF-060725,12/10/2021,UMM E HABIBA,AMJAD HUSSAIN,25000
1080600016,2018-GCUF-060658,12/10/2021,ALI ASGHAR,MUSHTAQ AHMAD,22500
1030600048,2018-GCUF-060602,12/10/2021,MUHAMMAD HAMZA,FAQEER BAKHSH,7000
1110200081,2020-GCUF-059050,12/10/2021,IQRA AJMAL,M AJMAL CHAUDHRY,6560
1110600016,2018-GCUF-066106,12/10/2021,MAHNOOR MUNIR,MUNIR AHMAD GHAURI, -   
1110600009,2018-GCUF-066083,12/10/2021,ANEELA ANWAR,MUHAMMAD ANWAR,7000
1090400025,2019-GCUF-069579,12/10/2021,MUAZAMA,SYED TAJAMUL HUSSAIN SHAH,5000
1090400020,2019-GCUF-058240,12/10/2021,AMNA LIAQAT,LIAQAT ALI,5000
1110200075,2020-GCUF-075545,12/10/2021,AROOJ ZAFAR,ZAFAR IQBAL,6000
1110200074,2020-GCUF-064304,12/10/2021,SADIA ABDUL GHAFOOR,ABDUL GHAFOOR,6000
1120600040,2018-GCUF-059766,12/10/2021,AMINA TARIQ CHAUDHARY,TARIQ MEHMOOD CHAUDHARY,10000
1070200078,2020-GCUF-064056,12/10/2021,AROOJ,M ANWAR,20000
1100600030,2018-GCUF-060022,12/10/2021,PERVAIZ AKHTAR,MUNIR AKHTAR,13000
1110400046,2019-GCUF-058672,12/10/2021,MAHA KALANDER,KALANDER ALI,12500
1110400045,2019-GCUF-058669,12/10/2021,ZARA KALANDER,KALANDER ALI,12500
1120600078,2018-GCUF-059828,12/10/2021,SABA JABEEN,MUHAMMAD NAWAZ,10000
1020600058,2018-GCUF-059243,12/10/2021,SYED UMER SHAH,SYED SHAFQAT HUSSAIN SHAH,6500
1020600056,2018-GCUF-059339,12/10/2021,SHAHID HASSAN,MUHAMMAD TARIQ,8000
1010600015,2018-GCUF-060782,12/10/2021,HAMZA IQBAL,MUHAMMAD IQBAL,7000
1030600047,2018-GCUF-060459,12/10/2021,MUHAMMAD BILAL,FAIZ UL HASSAN ZIA,10000
1120200173,2020-GCUF-064161,12/10/2021,FATIMA MUQADDAS,M SALEEM,13000
1080200132,2020-GCUF-064442,12/10/2021,HAFIZA MAFIA ZULFIQAR,ZULFIQAR ALI,11000
1050600005,2018-GCUF-073125,12/10/2021,LAAIQA ZEENAT,MUHAMMAD ASAD GHANI,16000
1050600010,2018-GCUF-073123,12/10/2021,SAIRA REHMAT,REHMAT ALI ABID,20000
1030600062,2018-GCUF-060451,12/10/2021,SAQLAIN HAIDAR,MUHAMMAD SHARIF,5000
1120600065,2018-GCUF-059834,12/10/2021,MEHRAN ALBRT NASIR,NASIR MASIH,12250
1030600050,2018-GCUF-060461,12/10/2021,MUHAMMAD MUZAMMIL,MUHAMMAD KHURSHID KHAN,33900
1110200114,2020-GCUF-059111,12/10/2021,ANS RAHEEL,RAHEEL JAVED,10000
1010400031,2019-GCUF-077471,12/10/2021,SHEHBAZ USAMA JAVED (SHEHZAD),M. JAVED IQBAL,20000
1090200050,2020-GCUF-059310,12/10/2021,AYESHA ASSINA,NADEEM AHMAD SAEED,30000
1040200245,2020-GCUF-059710,12/10/2021,MUZDALFA KHAN,NAJEEB UR REHMAN,30000
1030400114,2019-GCUF-058779,12/10/2021,MUHAMMAD NAUMAN,MUHAMMAD SULTAN,12000
1100600047,2018-GCUF-060086,12/10/2021,MUHAMMAD JAZAB,ARSHAD ALI,7000
1120400104,2019-GCUF-057662,12/10/2021,AHTASHAM AMJAD WAHEED,AMJAD WAHEED,15000
1120200180,2020-GCUF-064205,12/10/2021,KHADIJA AMJAD,AMJAD WAHEED,15000
1100600015,2018-GCUF-059927,12/10/2021,HURERA ALI,TAHIR HUSAIN,9000
1040800093,2017-GCUF-064382,12/10/2021,Bushra Gull Nawaz,0,31700
1010600024,2018-GCUF-074012,12/10/2021,MUHAMMAD KAMRAN KHALID,MUHAMMAD KHALID,10000
1010600017,2018-GCUF-060755,12/10/2021,MUHAMMD LUQMAN ALI,MUKHTAR AHMAD,5000
1010200076,2020-GCUF-078493,12/10/2021,"M USMAN,",ZAFAR KARIM,33000
1060400115,2019-GCUF-059198,12/10/2021,AROOJ FATIMA,MUHAMMAD SHABBIR,16000
1010600020,2018-GCUF-060764,12/10/2021,TALHA MAQBOOL,MUHAMMAD MAQBOOL,6000
1010600012,2018-GCUF-060757,12/10/2021,ALISHBA SHAHID,SHAHID HUSSAIN,10000
1010600016,2018-GCUF-060789,12/10/2021,HAMZA SHEHBAZ,SHEHBAZ AHMED QURESHI,12500
1120600042,2018-GCUF-059749,12/10/2021,AQIB MEHMOOD HOBAN,TARIQ MEHMOOD HOBAN,7000
1120600090,2018-GCUF-069882,12/10/2021,ESHA ARSHAD,MUHAMMAD ARSHAD,13500
1080400093,2019-GCUF-057607,12/10/2021,FIZA FIAZ,FIAZ AHMAD,10000
1110600015,2018-GCUF-073087,12/10/2021,KINZA MUNAWAR,MUHAMMAD SADIQ,24750
1080400058,2019-GCUF-057526,12/10/2021,SANA ARIF,ARIF MAHMOOD,10000
1120600086,2018-GCUF-059750,12/10/2021,ZAINAB MUZZAMIL,MUZAMMIL HUSSAIN,13000
1100200095,2020-GCUF-063988,12/10/2021,TAYYABA,SHAHZAD ALI,30000
1040600136,2018-GCUF-060378,12/10/2021,HADIQA NAEEM,CH.M.NAEEM, -   
1060600061,2018-GCUF-059599,12/10/2021,NIMRA YASIN,GHULAM YASIN,10000
1100400051,2019-GCUF-057810,12/10/2021,HIFSA ASLAM,MOHAMMAD ASLAM,6000
1040400205,2019-GCUF-058149,13/10/2021,SARAH KHAN,ALLAH DAD,49500
1080400071,2019-GCUF-057562,13/10/2021,SAMRA ALI,MALIK INAYAT ALI,13000
1020400068,2019-GCUF-058018,13/10/2021,AROZIA RAHMAT,RAHMAT ALI,6250
1020600055,2018-GCUF-059343,13/10/2021,SALMAN RAHMAT,RAHMAT ALI,5000
1090600013,2018-GCUF-060940,13/10/2021,SHAHROZIA REHMAT,REHMAT ALI,3750
1050200068,2020-GCUF-059360,13/10/2021,AYESHA SIDDIQA,AHTISHAM TARIQ,26000
1050200059,2020-GCUF-059333,13/10/2021,MAIRA JUNAID,M JUNAID SAEED,6250
1030400105,2019-GCUF-058764,13/10/2021,MUHAMMAD AHMED SAEED,SAEED AHMED,5000
1020600045,2018-GCUF-059197,13/10/2021,MUHAMMAD HUSNAIN ALI,MUHAMMAD IRSHAD,6500
1020600057,2018-GCUF-059323,13/10/2021,SUFYAN,NAZIR HUSSAIN,10000
1060600070,2018-GCUF-059646,13/10/2021,WAJIHA SHABAN,MUHAMMAD SHABAN,6500
1110600008,2018-GCUF-066090,13/10/2021,AMNA,IFTIKHAR,6500
1040200244,2020-GCUF-059707,13/10/2021,NOOR FALAK,CH AMIR SOHAIL,15000
1080600035,2018-GCUF-074069,13/10/2021,MUHAMMAD NABEEL,MUHAMMAD HAFEEZ,7000
1040600157,2018-GCUF-060161,13/10/2021,EMAN FATIMA,M.YOUSAF BHATTI,11000
1010600014,2018-GCUF-060784,13/10/2021,GHULAM ABBAS,ABDUL KARIM ZAFFAR,5000
1040600150,2018-GCUF-060389,13/10/2021,AQSA KHALIL,KHALIL AHMAD,10000
1090600016,2018-GCUF-070104,13/10/2021,ZAMAN ALI,ABDUL QAYYUM,5000
1010600023,2018-GCUF-060786,13/10/2021,FARAH ASLAM,MUHAMMAD ASLAM,15000
1030200158,2020-GCUF-064291,13/10/2021,SAQIB KHAN ,ASHRAF NAWAZ KHAN,10000
1100400089,2019-GCUF-058001,13/10/2021,URWA JAN MUHAMMAD,JAN MUHAMMAD,10000
1030400095,2019-GCUF-058748,13/10/2021,NOOR-UL-AIN,MUHAMMAD SAJID,36600
1080200100,2020-GCUF-064413,13/10/2021,LAIBA NAWAZ,M NAWAZ,15000
1080200118,2020-GCUF-064427,13/10/2021,MAHAM ,ZAMEER HUSSAIN,13000
1080600023,2018-GCUF-060669,13/10/2021,EASHA RASHEED,RASHEED AHMAD,7500
1040600152,2018-GCUF-060382,13/10/2021,ESHA TAHIR,TAHIR SAEED,40380
1120200171,2020-GCUF-064153,13/10/2021,AYESHA TAHIR SAEED,TAHIR SAEED,55500
1040600185,2018-GCUF-078482,13/10/2021,NOOR-E-EMAN,Abid Riaz,7000
1110200094,2020-GCUF-064310,13/10/2021,TAYYABA ISHAQ,M ISHAQ,8500
1100600026,2018-GCUF-060057,13/10/2021,MUHAMMAD HASSAN,MUHAMMAD QADEER,15000
1050200061,2020-GCUF-059336,13/10/2021,AYESHA AZAM,MALIK AZAM KHAN,30000
1040600167,2018-GCUF-060372,13/10/2021,BISMA ASLAM,M.ASLAM,7000
1120200155,2020-GCUF-064108,13/10/2021,ANSA,AMJAD ALI,19000
1080600014,2018-GCUF-060684,13/10/2021,AFIFA IQBAL,DR. MUHAMMAD IQBAL,24000
1090600011,2018-GCUF-060945,13/10/2021,MUHAMMAD ZUBAIR,MUHAMMAD KHALIL,5000
1100200102,2020-GCUF-063985,13/10/2021,USAMA ARIF,M ARIF,10000
1110600007,2018-GCUF-066065,13/10/2021,AIDA,MUHAMMAD NAVEED SADIQ,5000
1110400034,2019-GCUF-058578,13/10/2021,ZARGUL ATIQ,ATIQ-UR-REHMAN,25400
1060200150,2020-GCUF-064538,13/10/2021,MAHNOOR KHAN,ZEESHAN KHAN,20000
1120200147,2020-GCUF-064100,13/10/2021,IQRA FATIMA,AMJAD MEHMOOD,10000
1010600018,2018-GCUF-060775,13/10/2021,NOMAN ALI,ABDUL HAFEEZ,5000
1020200091,2020-GCUF-064318,13/10/2021,M HAMDAN NAEEM,M NAEEM,12000
1040600187,2000-Demo-00000,13/10/2021,NASREEN E MUSTAFA,MUHAMMAD NAEEM,6000
1020200095,2020-GCUF-075551,13/10/2021,MOARIJ SATTAR,ABDUL SATTAR,6000
1100400083,2019-GCUF-057983,13/10/2021,AREEBA HIRA,MEHRAN MEHBOOD,17000
1100400093,2019-GCUF-069469,13/10/2021,KIRAN SHAHZADI,AMANAT ALI,5000
1030600056,2018-GCUF-060446,13/10/2021,NAIMA UMAIR,UMAIR MANSOOR,8000
1040800126,2017-GCUF-064624,13/10/2021,KHADIJA JAVAID,JAVAID IQBAL,31700
1100400074,2019-GCUF-057897,13/10/2021,IKHLAQ AMIN,KHAWAJA MUHAMMAD AMIN,33000
1100400084,2019-GCUF-057987,13/10/2021,MUHAMMAD SHERAZ,SHAHZAD AHMAD,8000
1050200060,2020-GCUF-059334,13/10/2021,ZAINAB WAJAHAT,WAJAHAT ALI CHAUDHRY,5000
1040600175,2018-GCUF-071708,13/10/2021,AMNA WAJAHAT,WAJAHAT ALI CHAUDHARY,10000
1110400070,2019-GCUF-077493,14/10/2021,AIMUN AZIZ TOOR,ABID AZIZ TOOR,6000
1110400053,2019-GCUF-058684,14/10/2021,UFFAQ IQBAL,MUHAMMAD IQBAL,10000
1060600065,2018-GCUF-059636,14/10/2021,SYEDA BANEEN ZAHRA,KARAMAT HUSSAIN,22000
1060600038,2018-GCUF-059594,14/10/2021,AZAM FAROOQ,MUHAMMAD FAROOQ,5000
1050600018,2018-GCUF-070191,14/10/2021,AQSA SABIR,SABIR JAVED,2500
1050600007,2018-GCUF-074005,14/10/2021,QAIBA ARIF,MUHAMMAD ARIF,5000
1120400132,2019-GCUF-057737,14/10/2021,PAKEEZA,SHAFAQAT ALI,47000
1120600061,2018-GCUF-059882,14/10/2021,MARIYAM AKHTAR,AKHTAR IQBAL,40500
1010400029,2019-GCUF-058818,14/10/2021,FATIMA,YAQOOB,12500
1060400110,2019-GCUF-059190,14/10/2021,MAHPARA,MUHAMMAD ANWAR,10000
1050600013,2018-GCUF-073121,14/10/2021,SYED GOHAR MADINA,SYED BASHARAT UL HASSAN RAZA,15000
1050200067,2020-GCUF-059357,14/10/2021,AMNA KHUWAJA,M RAZA,8000
1020600035,2018-GCUF-059321,14/10/2021,AYESHA IRSHAD,MUHAMMAD IRSHAD,0
1040600165,2018-GCUF-060176,14/10/2021,NIMRA ISLAM,FAQIR HUSSAIN,25050
1040600145,2018-GCUF-060269,14/10/2021,AYMAN FATIMA,AQEEL AHMAD,20000
1030200147,2020-GCUF-059509,14/10/2021,M BINYAMEEN,RAJA M ZAHID URF �,13000
1090200053,2020-GCUF-064301,14/10/2021,AFNAN NADEEM,M NADEEM,30000
1120600094,2018-GCUF-070170,14/10/2021,IQRA SHABIR,SHABIR AHMAD,10000
1120600091,2018-GCUF-070176,14/10/2021,IMAN ALTAF,ALTAF HUSSAIN BHATTI,38800
1040600151,2018-GCUF-060302,14/10/2021,MOHSIN MEHMOOD,SHAH M.AFRIDI,25000
1040800094,2017-GCUF-064379,14/10/2021,Maryam Majeed,0,31000
1040600135,2018-GCUF-060214,14/10/2021,AYESHA SADIQ,M.SUBHA SADIQ,13200
1040600162,2018-GCUF-060141,14/10/2021,RIMSHA SAFDAR,SAFDAR HUSSAIN MUGHAL,13000
1080600029,2018-GCUF-060638,14/10/2021,MEHRAN FAROOQ,FAROOQ AHMAD,7500
1040800123,2017-GCUF-064625,14/10/2021,Arooba Fatima,0,5000
1060600060,2018-GCUF-059585,14/10/2021,NAMRA,MUHAMMAD AMJAD JUTT,10000
1080600039,2018-GCUF-060691,14/10/2021,NIDA MAHMOOD,MAHMOOD KHAN,10000
1080600030,2018-GCUF-060748,14/10/2021,MUHAMMAD AHMAD,MUHAMMAD SHAHBAZ,5000
1040800127,2017-GCUF-064626,14/10/2021,Nimra Mehmood,0,9000
1020600051,2018-GCUF-059332,14/10/2021,MUREED HASSAN,MUHAMMAD NAZIR,5000
1020600047,2018-GCUF-059318,14/10/2021,MUHAMMAD SAJID,KHURSHID,5000
1060200167,2020-GCUF-064555,14/10/2021,AREEBA MASROOR,MALIK MASROOR AHMAD,12450
1080200139,2020-GCUF-064453,14/10/2021,SHIZA KHALIL,M KHALIL AHMAD,15500
1120200168,2020-GCUF-064142,14/10/2021,SANIA NASEER,M NASEER SHAH,13000
1040600141,2018-GCUF-060137,14/10/2021,ZAINAB IQBAL,JAVAID IQBAL,10500
1120200163,2020-GCUF-064125,14/10/2021,LAIBA ANEES,M ANEES,14000
1120200175,2020-GCUF-064165,14/10/2021,MINAHIL SHEHZAD,SHEHZAD HASHMI,51000
1130400019,2019-GCUF-058806,14/10/2021,WAZIFA RANI,MUHAMMAD RASHEED,20000
1040200258,2020-GCUF-059760,14/10/2021,HAMNA SALEEM,MUHAMMAD SALEEM,13500
1040200273,2020-GCUF-059813,14/10/2021,VANEEZA AKRAM,M AKRAM,18750
1120200158,2020-GCUF-064111,14/10/2021,YOUSRA KHURSHEED,KHURSHED AHMAD,0
1110200089,2020-GCUF-059065,14/10/2021,ZUNAIRA GULL,M GULFRAZ,27000
1050200069,2020-GCUF-059363,14/10/2021,HANSA IFTIKHAR,SYED IFTIKHAR SHERAZ,6750
1120600047,2018-GCUF-059758,14/10/2021,AYESHA MUZAFFAR,MUZAFFAR SARDAR,12500
1100400058,2019-GCUF-057844,14/10/2021,EMAN MUNIR,MUNIR AHMAD SIDDIQUI,11250
1050200075,2020-GCUF-059410,14/10/2021,ROMA SHEHZADI,SARWAR HUSSAIN,27000
1100400076,2019-GCUF-057900,14/10/2021,MEHAK RABBANI,GHULAM RABBANI BHENDER,20000
1090600008,2018-GCUF-060927,14/10/2021,MUHAMMAD SOHAIL,ABDUL RAZZAQ,4000
1090600004,2018-GCUF-060941,14/10/2021,MAHAM NOOR,GHULAM NABI,5000
1110200100,2020-GCUF-075520,14/10/2021,ZAIB NAEEM,M NAEEM,10000
1110200111,2020-GCUF-059105,14/10/2021,AISHA ASHFAQ,ASHFAQ AHMAD,10000
#N/A,#N/A,14/10/2021,CANCEL,#N/A,0
1130600011,2018-GCUF-059376,14/10/2021,USMAN FAROOQ,MUHAMMAD FAROOQ,7000
1110200107,2020-GCUF-059094,14/10/2021,TUBA NAEEM,NAEEM YOUSAF,10000
1120600087,2018-GCUF-071713,14/10/2021,RIMZA MARYAM,GHULAM MUSTAFA,0
1010400029,2019-GCUF-058818,14/10/2021,FATIMA,NAZEER AHMED,5700
1120600039,2018-GCUF-059743,14/10/2021,AIMAN,NAZEER AHMAD,7500
1120600058,2018-GCUF-059854,14/10/2021,KINZA FEROZ,FEROZ AHMAD,35400
1120600045,2018-GCUF-059862,14/10/2021,ASAD UR REHMAN,JAVED AKHTAR,28600
1120600084,2018-GCUF-059872,14/10/2021,TOOBA TAHIR,MUHAMMAD TAHIR MEHMOOD,8000
1120600077,2018-GCUF-059800,14/10/2021,REEMAL SHAHID,SHAHID IQBAL,8500
1020600049,2018-GCUF-059204,14/10/2021,MUHAMMAD SUFYAN AFZAL,MUHAMMAD AFZAL,25500
1070200073,2020-GCUF-064038,14/10/2021,EMAN TAHIR,TAHIR NAZIR,9800
1070200069,2020-GCUF-064031,14/10/2021,FAIZAN HAMID,HAMID NAZIR,9800
1110200077,2020-GCUF-059046,14/10/2021,JAM MASOOMA RUBAB BHANGOO,AMJAD FAROOQ,30000
1120400125,2019-GCUF-057723,14/10/2021,SHANZA NADEEM,NADEEM AHMAD,47700
1040800116,2017-GCUF-064627,14/10/2021,Hira Nadeem ,NADEEM AHMAD,42100
1040800128,2017-GCUF-066920,14/10/2021,Baderka Faryad,0,11000
1100600039,2018-GCUF-073497,14/10/2021,SYED HUSSAIN ALI SHAH,SYED MUHAMMAD SAJIDIN,6000
1030600058,2018-GCUF-060465,14/10/2021,NOOR FATIMA,KHALIQ HUSSAIN,5800
1040800095,2017-GCUF-064399,14/10/2021,Tania Raees,0,8000
1040800090,2017-GCUF-064362,14/10/2021,Tabinda Jabeen Ghaffar,ABDUL GHAFFAR,7100
1070200077,2020-GCUF-064093,14/10/2021,M UZAIR ASHRAF,M ASHRAF,18000
1060600064,2018-GCUF-073088,14/10/2021,SYED DANIYAL SHAH,SYED SAJID ALI SHAH,7000
1060600033,2018-GCUF-059645,14/10/2021,ALI HASSAN,MUHAMMAD RAMZAN,7000
1110400038,2019-GCUF-058582,14/10/2021,ZAHRA JAVAID,JAVAID IQBAL,21500
1110400054,2019-GCUF-058685,14/10/2021,TEHREEM KALEEM,MUHAMMAD KALEEM CHOHAN,14000
1080600036,2018-GCUF-060698,14/10/2021,MUHAMMAD SHAFIQ UR REHMAN,MUHAMMAD ASLAM,7500
1120600080,2018-GCUF-059843,14/10/2021,SHUMAILA,MUHAMMAD ASLAM,8000
1040400220,2019-GCUF-058194,14/10/2021,AYESHA REHMAN,ABDUL REHMAN QURESHI,20000
1040200256,2020-GCUF-059753,14/10/2021,ZAHRA FATIMA,M ILYAS,15000
1090400031,2019-GCUF-058343,14/10/2021,ISBAH JAVED,MUHAMMAD JAVED,22000
1090400054,2019-GCUF-067448,14/10/2021,Maryam Jamil (M),M JAMEEL,7000
1040400212,2019-GCUF-058170,14/10/2021,SANA MUSHTAQ,MUHAMMAD MUSHTAQ,35000
1020600029,2018-GCUF-059308,14/10/2021,ANISHWA AKRAM,MUHAMMAD AKRAM,25500
1020600032,2018-GCUF-059220,14/10/2021,AREEJ,MOHSIN ALI,6500
1020600027,2018-GCUF-059221,14/10/2021,AMNA ASHIQ,MUHAMMAD ASHIQ,12750
1020600024,2018-GCUF-059331,14/10/2021,ABDUL REHMAN,MUHAMMAD IRSHAD,7500
1020600031,2018-GCUF-059313,14/10/2021,AQSA NISAR,MOHAMMAD NISAR,8000
1030600057,2018-GCUF-074966,14/10/2021,NIMRA NASIR,MUHAMMAD NISAR,11000
1020600039,2018-GCUF-059230,14/10/2021,HAFIZA IQRA ARSHAD,MUHAMMAD ARSHAD,5250
1130400017,2019-GCUF-069734,14/10/2021,AHMED ALI,MUHAMMAD BOOTA,8900
1010400057,2019-GCUF-058898,14/10/2021,AQSA,MOHAMMAD IDREES,7250
#N/A,#N/A,14/10/2021,CANCEL,#N/A,0
1040600129,2018-GCUF-060173,14/10/2021,RABIA ASHRAF,MUHAMMAD ASHRAF,12000
1040200252,2019-GCUF-073674,14/10/2021,FAIZA FAYYAZ,M FAYYAZ,25000
1050600016,2018-GCUF-073139,14/10/2021,ANEEQA HASSAN,MIAN HASSAN ALI,4000
1120200146,2020-GCUF-064099,14/10/2021,MUQADDAS ARIF,M ARIF,5000
1080600026,2018-GCUF-074068,14/10/2021,HAMZA MADNI,ABDUL MAJEED,5000
1030600055,2018-GCUF-060552,14/10/2021,MUSTIJAB HAIDER,SYED SIBTAIN HAIDER,8200
1030600044,2018-GCUF-060524,14/10/2021,MUHAMMAD AHMAD RAZA,ARSHAD IQBAL,8200
1040600186,2018-GCUF-078479,14/10/2021,KHADJIJA,M NADEEM TAHIR,7000
1030600037,2018-GCUF-060572,14/10/2021,HASSAN ASGHAR,MUHAMMAD ASGHAR,7500
1060200156,2020-GCUF-064545,14/10/2021,ANAM SAEED,SAEED AHMAD SIDDIQUI,23500
1010400040,2019-GCUF-058845,14/10/2021,FIZA ABID,M. ABID KHAIR DIN,4200
1020200103,2020-GCUF-059179,14/10/2021,NEELAM FALAK,FALAK SHEIR,5800
1020200089,2020-GCUF-059164,14/10/2021,SYEDA QURAT UL AIN,SYED FIAZ HUSSAIN,10000
1020200102,2020-GCUF-059176,14/10/2021,HINA MUGHAL,M YAQOOB MUGHAL,10000
1030600035,2018-GCUF-060579,14/10/2021,HAMZA ABDUL MANAN,ABDUL MANAN,8000
1120600071,2018-GCUF-059847,14/10/2021,NAMRA IQBAL,AMIR IQBAL,9700
1050200078,2020-GCUF-059416,14/10/2021,AWAIS SHABBIR,SHABBIR AHMAD,5000
1070600002,2018-GCUF-059500,14/10/2021,ABIDA MAQBOOL,MAQBOOL HUSSAIN,9000
1120600048,2018-GCUF-059754,14/10/2021,AYESHA SHAHZADI,LIAQAT ALI,8500
1120600046,2018-GCUF-059764,14/10/2021,AYESHA KHALID,KHALID MAHMOOD,7000
1030200159,2020-GCUF-075569,14/10/2021,ZAIN UL ABIDIN,M ANJUM ZIA,10000
1070200054,2020-GCUF-064001,14/10/2021,HASNAIN KHAN,NADEEM KHAN,10000
1120600089,2018-GCUF-069888,14/10/2021,FATIMA ABBAS,ALI ABBAS,5000
1100600008,2018-GCUF-060011,14/10/2021,ATTIA SHAHZADI,NASEEB ALI,6000
1090600010,2018-GCUF-077495,14/10/2021,MUHAMMAD YOUSAF,MEHBOOB ALI,5000
1090600003,2018-GCUF-060929,14/10/2021,KINZA ISLAM,NASEEM-UL-GHANI,4000
1100600030,2018-GCUF-060022,14/10/2021,PERVAIZ AKHTAR,MUNIR AKHTAR,4000
1100600021,2018-GCUF-060041,14/10/2021,MUGHEES UL REHMAN,ABDUL QAYYUM,7500
1120200165,2020-GCUF-064250,15/10/2021,ASFA,SATTAR,21000
1080600050,2018-GCUF-060642,15/10/2021,ZARAFSHAN,MIAN MOHAMMAD AMJAD,7500
1120200190,2020-GCUF-064246,15/10/2021,FARIA RIAZ,M RIAZ,14000
1120200172,2020-GCUF-064157,15/10/2021,JAWAIRYA RAFIQ,M RAFIQ,9500
1120200187,2020-GCUF-064238,15/10/2021,AMNA MEHMOOD,HAJI MEHMOOD,30000
1110200115,2020-GCUF-059114,15/10/2021,ERMA HAREEM,KHALID MEHMOOD,27000
1040200239,2020-GCUF-059697,15/10/2021,MARYAM ISLAM,M ISLAM,16500
1040400196,2019-GCUF-058134,15/10/2021,FATIMA AYUB,SHEIKH M. AYUB,10000
1070400037,2019-GCUF-059061,15/10/2021,MUHAMMAD AFNAN AFZAL,MUHAMMAD AFZAL,5000
1130400022,2019-GCUF-058809,15/10/2021,UROOJ SHAHID,SHAHID NAWAZ,5000
1070400046,2019-GCUF-077485,15/10/2021,SHANZAH KANWAL,MUHAMMAD YOUNAS,6000
1080400069,2019-GCUF-069612,15/10/2021,MOMNA BATOOL,MALIK MUHAMMAD ILYAS,17000
1030600060,2018-GCUF-060508,15/10/2021,RIZWAN,YASIN,5000
1110400050,2019-GCUF-058680,15/10/2021,ANAM SHAHZADI,IFTIKHAR ALI,5000
1110400025,2019-GCUF-058569,15/10/2021,TAHMINA ALLAH DITTA,ALLAH DITTA,15000
1060800014,2017-GCUF-069446,15/10/2021,NAWAZ MAQBOOL,MAQBOOL AHMAD,13400
1040200257,2020-GCUF-059756,15/10/2021,MAFIA ARSHAD,M ARSHAD,15000
1060400092,2019-GCUF-059118,15/10/2021,SIDRA ASHFAQ,ASHFAQ HUSSAIN,4000
1080200108,2020-GCUF-064417,15/10/2021,MEHAK MUNIR,MUNIR AHMAD,10000
1080200140,2020-GCUF-064455,15/10/2021,HOORIA SHAHZAD,SHAHZAD HANIF,9440
1080600021,2018-GCUF-060677,15/10/2021,AYESHA NOOR,MUHAMMAD AMIN,7500
1080600027,2018-GCUF-060640,15/10/2021,IQRA MUSHTAQ,MUSHTAQ AHMAD BUTT,15000
1100600009,2018-GCUF-060092,15/10/2021,BISMAH SAJJAD,SAJJAD HAFEEZ,5000
1080600019,2018-GCUF-060675,15/10/2021,ARHAM RIAZ,MUHAMMAD RIAZ,10000
1040800117,2017-GCUF-066886,15/10/2021,Anam Yousaf ,0,7000
1060200155,2020-GCUF-075530,15/10/2021,SAMIA GHULAM,GHULAM M CHOHAN,47000
1080600022,2018-GCUF-060736,15/10/2021,CH. MUHAMMAD SHARJEEL,CH. MUHAMMAD KALEEM,8000
1090600010,2018-GCUF-077495,15/10/2021,MUHAMMAD YOUSAF,MUHAMMAD AKRAM,4000
1120200151,2020-GCUF-064104,15/10/2021,M AHMAD,M JAVAID,12300
1120200166,2020-GCUF-064132,15/10/2021,MARIA MUKHTAR,MUKHTAR AHMAD,12000
1060200135,2020-GCUF-075527,15/10/2021,BISMA RIAZ,RIAZ AHMAD,13750
1060200134,2020-GCUF-064492,15/10/2021,SYEDA LAIBA HUSSAIN,SYED AWAIS HUSSAIN,20000
1090600005,2018-GCUF-060936,15/10/2021,MOMNA NASEER,MUHAMMAD NASEER AHMAD SIDDIQUI,5000
1090600006,2018-GCUF-060934,15/10/2021,MUHAMMAD MUTAHIR ANJUM,MUHAMMAD SHAMOUN ANJUM,5000
1060200143,2020-GCUF-064532,15/10/2021,LAIBA BATOOL,MIAN ARIF ALI,25000
1060200145,2020-GCUF-064534,15/10/2021,ESHA SHAMAZ,IMTIAZ ALI CHOHAN,15000
1060200168,2020-GCUF-064556,15/10/2021,M USMAN KHAN,M ASLAM KHAN,14000
1100400053,2019-GCUF-057826,15/10/2021,MUHAMMAD MUTAYYAB HAMDANI,MUHAMMAD AKRAM,18000
1030400085,2019-GCUF-058724,15/10/2021,M. TAIB TAHIR,M. ARSHAD TAHIR,35000
1120200152,2020-GCUF-064105,15/10/2021,MUNTAHA,MUNIR ANJUM,11600
1080400068,2019-GCUF-057552,15/10/2021,DUAA ALAMGIR,MUHAMMAD ALAMGIR,10000
1080400099,2019-GCUF-069616,15/10/2021,AQEEL AHMAD ,GHULAM ALI,42500
1110600014,2018-GCUF-066073,15/10/2021,KINZA ARSHAD,ARSHAD ALI,5000
1090400030,2019-GCUF-058341,15/10/2021,SAAD ASLAM,MUHAMMAD ASLAM,10000
1120200157,2020-GCUF-064110,15/10/2021,MAAHRUKH KHADIJA,AMJAD IQBAL,12200
1090200048,2020-GCUF-059306,15/10/2021,FAIZA ARIF,MUHAMMAD ARIF,5000
1040200271,2020-GCUF-059806,15/10/2021,ALEEZA IJAZ BUTT,IJAZ BUTT,25000
1120400096,2019-GCUF-057633,15/10/2021,MARYAM,SYED USMAN BUKHARI,17250
1110400031,2019-GCUF-058575,15/10/2021,AMNA JAVEID,MUHAMMAD JAVEID,5000
1110400030,2019-GCUF-058574,15/10/2021,KHADIJA TARIQ,MUHAMMAD TRIQ,4000
1100600025,2018-GCUF-060032,15/10/2021,MUHAMMAD AWAIS QADIR,GHULAM QADIR,6500
1100600027,2018-GCUF-059940,15/10/2021,MUHAMMAD SAFDAR HAYYAT,MUHAMMAD HAYYAT,5000
1080600037,2018-GCUF-073074,15/10/2021,MUHAMMAD SUBOOR,TALAT MEHMOOD,8000
1120600070,2018-GCUF-059821,15/10/2021,MUZAMMAL MUHAMMAD HUSSAIN,MUHAMMAD HUSSAIN,9300
1120400134,2019-GCUF-057741,15/10/2021,AMNA JAVED,MUHAMMAD JAVED YOUSAF,16500
1120400121,2019-GCUF-057718,15/10/2021,SHAHZAIB RIAZ,MUHAMMAD RIAZ,15000
1050600008,2018-GCUF-073112,15/10/2021,RABIA FIAZ,MUHAMMAD FIAZ,4300
1050600016,2018-GCUF-073139,15/10/2021,ANEEQA HASSAN,MIAN HASSAN ALI,250
1120400138,2019-GCUF-077415,15/10/2021,NABILA ILYAS,MIAN MUHAMMAD ILYAS,7000
1100600024,2018-GCUF-059995,15/10/2021,MUHAMMAD ASIF,MUHAMMADF AKRAM TABASUM,7000
1080600040,2018-GCUF-060665,15/10/2021,REHMAT ULLAH,WAHID BAKSH,7000
1040400230,2019-GCUF-058210,15/10/2021,MUHAMMAD ABUBAKER TARIQ,MUHAMMAD TARIQ BILAL,18000
1110400037,2019-GCUF-058581,15/10/2021,LAIBA FARRUKH CHAUDHRY,FARRUKH ISLAM CHAUDHRY,15000
1090600012,2018-GCUF-060943,15/10/2021,SALMAN SHOUKAT,SHOUKAT ALI,5000
1050200058,2020-GCUF-059331,15/10/2021,MAHNOOR RASHEED,CH ABDUL RASHEED,3000
1120200182,2020-GCUF-064216,15/10/2021,SAWERA NAEEM,M NAEEM BUTT,12750
1020600052,2018-GCUF-059325,15/10/2021,NEELAM FAYYAZ,MIRZA FAYYAZ BAIG,6000
1020600042,2018-GCUF-059214,15/10/2021,INZA JAVAID,TARIQ JAVAID,6000
1100600029,2018-GCUF-060095,15/10/2021,NOOR UL NISA,MUHAMMAD AFZAL,4000
