Student ID,Accounts Registration No,Date,Student Name,Father Name,Amount
1110200090,2020-GCUF-059139,15/10/2021,AMINA BIBI,ZULFIQAR ALI,9000
1010400052,2019-GCUF-058876,15/10/2021,BILAL SHAHZAD,ALLAH BAKHSH,12000
1040600163,2018-GCUF-060124,15/10/2021,MARIAM ANWAR,M.ANWAR UL HAQ,11000
1090400023,2019-GCUF-058283,15/10/2021,ATTIQA JAMIL,MUHAMMAD JAMIL,25000
1100400092,2019-GCUF-061984,15/10/2021,TEHMINA RIAZ,MUHAMMAD RIAZ,30000
1090400055,2019-GCUF-067446,15/10/2021,Zoya Imran (M),IMRAN MUSTAFA,5000
1140400001,2019-GCUF-081216,15/10/2021,AHSAN ELAHI,MUHAMMAD ABBAS,30000
1030600030,2018-GCUF-060476,15/10/2021,ALI HASSAN IMRAN,MALIK MUHAMMAD IMRAN,8475
1020600033,2018-GCUF-059249,15/10/2021,AREEJ BUKHTYAR,ABID HUSSAIN,6500
1070400026,2019-GCUF-059034,15/10/2021,USAMA ABID,ABID HUSSAIN,8500
1130600006,2018-GCUF-059366,15/10/2021,FARHAN ALI,RAHMAT ALI,4000
1080200110,2020-GCUF-064422,15/10/2021,MEERAB TAYYAB,TAYYAB FAKHAR,8600
1090600001,2018-GCUF-060931,15/10/2021,AQSA MUQADIS,MUHAMMAD YASIN AHMAD,4000
1120600041,2018-GCUF-059868,15/10/2021,ANUM AFTAB,MUHAMMAD AFTAB,42200
1100600046,2018-GCUF-069860,15/10/2021,BABER SALEEM,MUHAMMAD SALEEM,6000
1100600007,2018-GCUF-059955,15/10/2021,ABDUL GHAFFAR,ABDUL RAZZAQ,6200
1100400079,2019-GCUF-057971,15/10/2021,MUHAMMAD ALI,MUHAMMAD ASLAM,10000
1020600046,2018-GCUF-074963,15/10/2021,MUHAMMAD RAMZAN,MUHAMMAD SIDDIQUE,5000
1070600012,2018-GCUF-059479,15/10/2021,SIDRA YASEEN,GULAM YASEEN,0
1070600007,2018-GCUF-059498,15/10/2021,KAUSAR,MUHAMMAD FARYAD,0
1040800087,2017-GCUF-064381,15/10/2021,Usman Zahoor Anjum,,0
1040600155,2018-GCUF-060280,15/10/2021,SANA NASEER,NASEER AHMED,0
1120600082,2018-GCUF-059739,15/10/2021,SHUMAILA NAZIR,NAZIR AHMAD,0
1090400018,2019-GCUF-058233,16/10/2021,MUHAMMAD AMIR,MUHAMMAD AKRAM,5500
1090400019,2019-GCUF-058236,16/10/2021,AFZAAL ARSHAD,MUHAMMAD GULZAR ARSHAD,5000
1090200039,2020-GCUF-059265,16/10/2021,MUHAMMAD USMAN,MUHAMMAD MUSHTAQ,8000
1010400034,2019-GCUF-058823,16/10/2021,SYED AHSAN ABBAS SHIRAZI,SYED IMTIAZ HUSSAIN SHIRAZI,15000
1030200146,2020-GCUF-059504,16/10/2021,M SUFYAN ARSHAD,M ARSHAD, -   
1070200062,2020-GCUF-064083,18/10/2021,HAFIZA NIMRA,M RAMZAN,8000
1020600053,2018-GCUF-059329,18/10/2021,NIMRA NAZEER,NAZEER AHMAD,10000
1120200184,2020-GCUF-064227,18/10/2021,Muhammad Saeed,Rana Muhammad Fiaz,13000
1060600065,2018-GCUF-059636,18/10/2021,SYEDA BANEEN ZAHRA,KARAMAT HUSSAIN,4900
1120200188,2020-GCUF-064241,18/10/2021,AYESHA BIBI,SHOUKAT ALI,10000
1100600040,2018-GCUF-059919,18/10/2021,TALHA,MUHAMMAD RAMZAN,5000
1130400018,2019-GCUF-058805,18/10/2021,MUHAMMAD HAROON PERVAIZ,PERVAIZ AKHTAR,10000
1030600047,2018-GCUF-060459,18/10/2021,MUHAMMAD BILAL,MUHAMMAD SHARIF,10000
1100600018,2018-GCUF-060096,18/10/2021,KHADIJA TUFAIL,MUHAMMAD TUFAIL,6000
1060600031,2018-GCUF-059643,18/10/2021,ADINA MARYAM,MUHAMMAD AFZAL,32000
1060600062,2018-GCUF-059638,18/10/2021,RUSHDA RIAZ,MUHAMMAD RIAZ,6000
1040400190,2019-GCUF-058124,18/10/2021,TOOBA ZIA,ZIA-UL-HAQ,15000
1010400049,2019-GCUF-058871,18/10/2021,AHMAD SULTAN,SULTAN MAHMOOD,5000
1040600138,2018-GCUF-060220,18/10/2021,MALKA RABIA,M.ASHIQ,11000
1040600182,2018-GCUF-078478,18/10/2021,FARIA ASGHAR,Muhammad Asghar,10000
1080400080,2019-GCUF-057582,18/10/2021,M. SHAHZAIB JAJANGIR,JAHANGIR AHMAD,10250
1030600066,2018-GCUF-060490,18/10/2021,SYED IJAZ ALI KAZMI,MUHAMMAD.JAMIL ALI KAZMI,5000
1120400103,2019-GCUF-057649,18/10/2021,MAMOONA,MAHMOOD AHMAD QADRI,15000
1120200159,2020-GCUF-064116,18/10/2021,MOMNA SADIQ,SADIQ ALI,10000
1120400110,2019-GCUF-057680,18/10/2021,ISHMA ZAHRA,TAUQEER ABBAS,15000
1100200107,2020-GCUF-063981,18/10/2021,LARAIB MANZOOR,MANZOOR HUSSAIN,13000
1010200093,2020-GCUF-059599,18/10/2021,FAIZ ULLAH,MUNIR AHMAD, -   
1110200120,2020-GCUF-064311,18/10/2021,SHAHRUKH FARRUKH,RANA FARRUKH NADEEM,6750
1030600068,2018-GCUF-060577,18/10/2021,ZONASH KAZMI,SYED FARRUKH ABBAS KAZMI,8500
1080600053,2018-GCUF-070097,18/10/2021,SYED ASAD ALI,ARSHAD ALI,17000
1110400035,2019-GCUF-058579,18/10/2021,AMNA ARIF,ARIF BHATTI,6200
1070400044,2019-GCUF-059089,18/10/2021,SIDRA KAINAT,MUHAMMAD SAEED,3750
1120400145,2019-GCUF-069472,18/10/2021,SAIMA ASHRAF,M. ASHRAF,15000
1040800106,2017-GCUF-064395,18/10/2021,Maryam Akram ,0,10000
1040800101,2017-GCUF-066748,18/10/2021,Iqra Shahzadi / Abdul Sattar,0,31700
1040200280,2020-GCUF-064312,18/10/2021,ADEEBA ARIF,ARIF ALI,10000
1050400040,2019-GCUF-058510,18/10/2021,SANA ABDULLAH,ABDULLAH SHAZAD,5000
1050400041,2019-GCUF-058512,18/10/2021,HIBA ABDULLAH,ABDULLAH SHAZAD,5000
1100400072,2019-GCUF-057888,18/10/2021,MUHAMMAD AMJAD LUQMAN,LUQMAN ZAR,2000
1110200096,2020-GCUF-059073,18/10/2021,BABAR HUSSAIN,DILAWAR HUSSAIN,27000
1060600051,2018-GCUF-059634,18/10/2021,KIRAN MUMTAZ,MUMTAZ AHMAD,10000
1060600063,2018-GCUF-059589,18/10/2021,SIDRA,SALMAN SIDDIQI,15000
1040800073,2017-GCUF-064344,18/10/2021,ISHA SHEHZAD ,SHEHZAD AHMAD,7000
1080400076,2019-GCUF-057572,18/10/2021,AYESHA HANIF,MUHAMMAD HANIF,35048
1080400087,2019-GCUF-057593,18/10/2021,FAIZA RAFIQUE,MUHAMMAD RAFIQUE,11000
1030600059,2018-GCUF-060556,18/10/2021,NOOR UL HUDA AJMAL,AJMAL JAVED,12000
1120600067,2018-GCUF-059724,18/10/2021,MUHAMMAD MUAZ SULEMAN,SHEIKH MUHAMMAD SULEMAN ISMAIL,12400
1060600067,2018-GCUF-059654,18/10/2021,UMM-E-KALSOOM,KABIR ALI,3000
1060600055,2018-GCUF-059509,18/10/2021,MARYAM ABBAS,MUHAMMAD ABBAS,10000
1120200149,2020-GCUF-064103,18/10/2021,AIMA,M MUSHTAQ,30000
1030600034,2018-GCUF-060581,18/10/2021,FARWA WAQAR,WAQAR HUSSAIN,36600
1020200087,2020-GCUF-059162,18/10/2021,M ADNAN MUSHTAQ,MUSHTAQ AHMAD,9000
1080600048,2018-GCUF-060653,18/10/2021,USAMA WAHEED,CHAUDHRY ABDUL WAHEED,8000
1040600133,2018-GCUF-060145,18/10/2021,MARYAM ARSHAD,CH.M.ARSHAD,10500
1040600160,2018-GCUF-060168,18/10/2021,HIRA NAZAR,NAZAR HUSSAIN,10100
1100400093,2019-GCUF-069469,18/10/2021,KIRAN SHAHZADI,MUHAMMAD AKRAM,6000
1010200090,2020-GCUF-059587,18/10/2021,AYESHA ARSHAD,M ARSHAD,4000
1060200130,2000-Demo-00000,18/10/2021,MUNTAHA IMRAN,IMRAN RASHEED,17000
1080600046,2018-GCUF-060680,18/10/2021,USAMA ALI,MAQBOOL AHMAD,8000
1050600012,2018-GCUF-073508,18/10/2021,SHAHZADA INAM,INAMULLAH,3000
1040400199,2019-GCUF-058142,18/10/2021,ELIZA AWAIS,AWAIS BAKHT, -   
1060600071,2018-GCUF-069871,18/10/2021,HAFIZA IQRA AKRAM,MUHAMMAD AKRAM,10000
1070400039,2019-GCUF-059074,18/10/2021,MUHAMMAD SAFEER,MUHAMMAD KHALID JAVAID,9500
1060200141,2020-GCUF-064531,18/10/2021,USAMA MEHBOOB,MALIK MEHBOOB UR REHMAN,15000
1060200172,2020-GCUF-064560,18/10/2021,IRSA,AFZAAL SARWAR BUTT, -   
1050200080,2020-GCUF-059417,18/10/2021,M USMAN,M YOUNAS,10000
1120400143,2019-GCUF-057768,18/10/2021,HAFIZ MUZZAMMIL ZAFAR,ZAFAR IQBAL,8000
1100400071,2019-GCUF-057886,18/10/2021,NASRULLAH,MAHFOOZ UR RAHMAN,2000
1030400074,2019-GCUF-058708,18/10/2021,RIMSHA ZULFIQAR,ZULFIQAR ALI,10000
1120600075,2018-GCUF-059790,18/10/2021,QURA-TUL-AIN AINI,AKRAM ALI,8000
1050600009,2018-GCUF-073119,18/10/2021,RAFIA JAVED,ALLAH DITTA JAVED,20000
1040600179,2018-GCUF-071727,18/10/2021,SAJJAD AHMED,GHULAM HUSSAIN,23000
1120600059,2018-GCUF-073649,20/10/2021,KIRAN,MUHAMMAD ASHRAF,11000
1040600161,2018-GCUF-060223,20/10/2021,MUZAMIL LIAQAT,LIAQAT ALI,11000
1030400096,2019-GCUF-058750,20/10/2021,MARYAM MAQSOOD,MAQSOOD ALI,15000
1040600154,2018-GCUF-060209,20/10/2021,SANA RAHAT,RAHAT TASLEEM MIRZA,11850
1040200242,2020-GCUF-059704,20/10/2021,M WAQAS FAROOQ,FAROOQ AHMAD,10000
1080400090,2019-GCUF-057598,20/10/2021,ASAD RAHMAN SHAHZAD,MUHAMMAD SHAHZAD,10000
1060200169,2020-GCUF-064557,20/10/2021,IQRA SHAHZADI,M KHALIL,25000
1060200161,2020-GCUF-064549,20/10/2021,AREEJ FATIMA,M AFZAL,10000
1070400030,2019-GCUF-059045,20/10/2021,SAWERA AREEJ,MAHMOOD ASGHAR,11750
1060200171,2020-GCUF-064559,20/10/2021,AYESHA FIAZ,FIAZ AHMAD,11000
1060200140,2020-GCUF-064530,20/10/2021,ZAKIR ALI,SAFDAR FEROZE,12000
1080400054,2019-GCUF-057518,20/10/2021,LUBNA ALLAH DITTA,ALLAH DITTA,9000
1060400087,2019-GCUF-059112,20/10/2021,NISHA KAYANI,KHIZER KAYANI,15000
1040200235,2020-GCUF-059680,20/10/2021,NOMAN MEHMOOD,AFZAL MEHMOOD,34500
1080200142,2020-GCUF-064475,20/10/2021,SYED M FAROOQ,SYED TAHAWAR HUSSAIN,10300
1060400123,2019-GCUF-059239,20/10/2021,ANMOL FATIMA,ARSHAD MAHMOOD,8000
1060200153,2020-GCUF-064542,20/10/2021,TAYYABA SALEEM,FAQEER HUSSAIN,15000
1040200278,2020-GCUF-064313,20/10/2021,MANAHIL KAMRAN,KAMRAN QADEER,17250
1080400098,2019-GCUF-057622,20/10/2021,Rimsha Ahmed,Ahmed Ali,12000
1080400088,2019-GCUF-057595,20/10/2021,HAFSA MUSLIM,NOOR UL ISLAM KHAN,10000
1060600081,2018-GCUF-070186,20/10/2021,SAMINA KOUSAR,HAFIZ MUHAMMAD BILAL,8000
1060400092,2019-GCUF-059118,20/10/2021,SIDRA ASHFAQ,ASHFAQ HUSSAIN,45000
1040600153,2018-GCUF-060211,20/10/2021,BEELUM OMER,MULAZEM HUSSAIN,8000
1120600043,2018-GCUF-073083,20/10/2021,AREEJ RASHEED,MUHAMMAD RASHEED,8000
1060400107,2019-GCUF-059182,20/10/2021,SYEDA RAAZIA RIZVI,SYED WAQAR MANSOOR RIZVI,12000
1030200149,2020-GCUF-059460,20/10/2021,GHANIA ZAHRA,KHWAJA SHAHID ALI,20500
1040600149,2018-GCUF-060128,20/10/2021,ALI ABBAS,MAZHAR ABBAS,30000
1030200136,2020-GCUF-059484,20/10/2021,HAFIZ MUBASHIR JAVED,JAVED IQBAL,21000
1060600050,2018-GCUF-059641,20/10/2021,KALSOOM FATIMA,MUHAMMAD QASIM,8425
#N/A,#N/A,20/10/2021,M ZEESHAN SATTAR,ABDUL SATTAR,7000
1040800068,2017-GCUF-064354,20/10/2021,IQRA ARSHAD SARHANDI,0, -   
1110200106,2020-GCUF-059092,20/10/2021,AYESHA JAMAL,M AKHTAR JAMAL,6750
1040800075,2017-GCUF-064340,20/10/2021,ADAM KHAWAJA,KHWAJA IDREES,3000
1110400064,2019-GCUF-058700,20/10/2021,SAJID ALI,MUHAMMAD ADREES,6000
1040800100,2017-GCUF-064388,20/10/2021,Samreen Sidddiqui,0,16000
1100400049,2019-GCUF-057801,20/10/2021,SAMI ULLAH,GHULAM ALI,6000
1120600051,2018-GCUF-059803,20/10/2021,FATIMA TU ZAHRA,ARIF HUSSAIN,9000
1120600092,2018-GCUF-070175,20/10/2021,LAIBA,MUHAMMAD RAFI,6000
1080200106,2020-GCUF-064416,20/10/2021,MUHAMMAD IRFAN,MANZOOR HUSSAIN,13000
1030600042,2018-GCUF-060548,20/10/2021,MINHAL ZIA,HAFIZ QAMAR ZIA,6000
1100400085,2019-GCUF-069467,20/10/2021,AMNA ARSHAD,ARSHAD ALI,8000
1040200253,2020-GCUF-059744,20/10/2021,M HASSAN FAZAL,FAZAL KARIM,15000
1100400070,2019-GCUF-057885,20/10/2021,UMAR FAROOQ,GHULAM SIDDIQUE,10000
1040400224,2019-GCUF-058202,20/10/2021,AZQA,ARIF ALI,13000
1040800103,2017-GCUF-064386,20/10/2021,Hira habib ,0,15000
1040400227,2019-GCUF-058206,20/10/2021,NIDA GHULAM GHOUS,GHULAM GHOUS,30000
1080200148,2020-GCUF-064457,20/10/2021,MUHAMMAD WAQAS,MUHAMMAD SALEEM AKHTAR,20000
1120200156,2020-GCUF-064109,20/10/2021,MUHAMMAD ZUHAIB KHAN,ZAFAR ALI KHAN,10000
1080600030,2018-GCUF-060748,20/10/2021,MUHAMMAD AHMAD,ASIF ALI,21000
1130600011,2018-GCUF-059376,20/10/2021,USMAN FAROOQ,MUHAMMAD FAROOQ,1600
1030200132,2020-GCUF-059474,20/10/2021,M YASEEN,M RAFIQ,9500
1100400073,2019-GCUF-057891,20/10/2021,GHULAM MUDASAR RAFIQ,SARDAR MUHAMMAD RAFIQ,5500
1100400062,2019-GCUF-057854,20/10/2021,UJALA SHAHEEN,MUHAMMAD ASLAM,27500
1080400055,2019-GCUF-057519,20/10/2021,SAIMA,MUHAMMAD YAMEEN,8000
1030600045,2018-GCUF-060456,20/10/2021,MUHAMMAD AHMER,MUHAMMAD AHTISHAM,5000
1070200079,2020-GCUF-064061,20/10/2021,ABDULLAH NAWAZ,M NAWAZ,13500
1110400047,2019-GCUF-058673,20/10/2021,ZAHIKA MARYAM,LUQMAN UR REHMAN,28000
1010200100,2020-GCUF-075543,20/10/2021,ATTA UL HABEEB,REHMAT ULLAH,20000
1120400102,2019-GCUF-057645,20/10/2021,ARESHA AKHTAR,MUHAMMAD AKHTAR,10000
1110200121,2020-GCUF-059131,20/10/2021,RIMSHA IQBAL,M IQBAL,15000
1120400115,2019-GCUF-057698,20/10/2021,MALAIKA AMJAD,AMJAD ALI,10000
1030400090,2019-GCUF-058736,20/10/2021,MEHAK FATIMA,MUHAMMAD FAIYAZ BHATTI,16950
1040800092,2017-GCUF-064377,20/10/2021,Tooba Shafiq ,,5000
1040800121,2017-GCUF-064629,20/10/2021,Amina Saeed,,7000
1120400141,2019-GCUF-057760,20/10/2021,SEHAR YOUNAS,MUHAMMAD YOUNAS,8000
1060400098,2019-GCUF-059128,20/10/2021,HUMA NAYAB,KHALID MAHMOOD,8000
1060600074,2018-GCUF-071710,20/10/2021,IQRA ALAMGIR,ALAMGIR KHAN,12000
1080200109,2020-GCUF-064418,20/10/2021,MUHAMMAD ABDULLAH,ALLAH BAKHSH,10000
1080400074,2019-GCUF-057569,20/10/2021,BASIT ALI,LIAQAT ALI,14000
1080400065,2019-GCUF-057547,20/10/2021,HAFIZ ALI RAZA,MUHAMMAD SAEED,34500
1120400113,2019-GCUF-057688,20/10/2021,SANIA IFTIKHAR,MUHAMMAD IFTIKHAR,5000
1050400023,2019-GCUF-058443,20/10/2021,HAFSA TAHIR,TAHIR PERVAIZ,25000
1060400114,2019-GCUF-059195,20/10/2021,ZAIB-UN-NISA,MUHAMMAD SOHAIL, -   
1050400026,2019-GCUF-058456,20/10/2021,HAJWAIRYA GULSHAN,MUHAMMAD ASHFAQ,3000
1040200265,2020-GCUF-059788,20/10/2021,HAFSA YOUNAS,M YOUNAS,33000
1040400223,2019-GCUF-058201,20/10/2021,HIFSA NOOR NADEEM,NADEEM JAVAID,10000
1120200181,2020-GCUF-064210,20/10/2021,SAMIA SHEHZADI,NAZIR AHMAD,15000
1090400027,2019-GCUF-058334,20/10/2021,ANAM JAVED,MUHAMMAD JAVED,23500
1050400033,2019-GCUF-058471,20/10/2021,ZUNAIRA LIAQAT,LIAQAT ALI,20500
1020200090,2020-GCUF-064319,20/10/2021,SAHER SHAHZADI,M LATIF,8500
1050200087,2020-GCUF-059427,20/10/2021,AROOSA  REHMAN,ABDUL REHMAN,6000
1110400057,2019-GCUF-058689,20/10/2021,KOMAL IQBAL,MUHAMMAD IQBAL,8500
1010600027,2018-GCUF-070115,20/10/2021,OSAMA SHAFIQ,MUHAMMAD SHAFIQUE,24000
1100400063,2019-GCUF-057857,20/10/2021,AYESHA MUSHTAQ,MUHAMMAD MUSHTAQ,27500
1070200072,2020-GCUF-064032,20/10/2021,ABDULLAH QAYYUM,ABDUL QAYYUM,13000
1040800067,2017-GCUF-064355,20/10/2021,SHANZAY WAJID,,6000
1070600005,2018-GCUF-059472,20/10/2021,ANEES KHAN,SHAHADAT KHAN, -   
1080200149,2020-GCUF-064440,20/10/2021,SAQIB LIAQAT ,LIAQAT ALI,11000
1080200146,2020-GCUF-075586,20/10/2021,M MUAZ,KHAWAJ TAHIR HAMEED,10000
1120200167,2020-GCUF-064138,20/10/2021,FIZA MAQSOOD,MAQSOOD RANA,20000
1110200099,2020-GCUF-059084,20/10/2021,ALIYA ALLAH DITTA,ALLAH DITTA,13500
1060600039,2018-GCUF-059573,20/10/2021,BISMA HAMED,HAMED NIAZ,16000
1040600143,2018-GCUF-060226,20/10/2021,TOOBA NAWAZ,NAWAZ,10500
1010400032,2019-GCUF-058821,21/10/2021,ROOMA SHABBIR,MUHAMMAD SHABBIR,10000
1120400131,2019-GCUF-057736,21/10/2021,LAIBA GHAFFAR,ABDUL GHAFFAR,9000
1040400229,2019-GCUF-058209,21/10/2021,SOBIA ZAHEER,MALLIK ZAHEER AHMAD,15250
1080200128,2020-GCUF-064435,21/10/2021,"RABIA,",M SHEHBAZ QAYYUM,10750
1060400109,2019-GCUF-059188,21/10/2021,MUQADAS YAHYA,MUHAMMAD YAHYA AFZAL,10000
1120400142,2019-GCUF-057765,21/10/2021,AYESHA TARIQ,TARIQ IQBAL,13750
1120200179,2020-GCUF-064195,21/10/2021,MAH JABEEN,TANVEER HASSAN, -   
1010400037,2019-GCUF-058834,21/10/2021,BAQIA MUNIR,MUNIR AHMAD,5000
1080400064,2019-GCUF-057545,21/10/2021,UZAIR AHMAD,KHALID MUHAMMAD,12000
1040200270,2020-GCUF-059799,21/10/2021,AMNA KHALID,M KHALID,15000
1080200145,2020-GCUF-075588,21/10/2021,MIRZA M USMAN BAIG,M BILAL BAIG,12000
1060200149,2020-GCUF-064537,21/10/2021,RIMSHA NAZ,MAQSOOD ANWAR,10000
1030400081,2019-GCUF-058715,21/10/2021,M. SHOAIB NAWAZ,MUHAMMAD NAWAZ,20000
1010200097,2020-GCUF-064293,21/10/2021,ASHAR ISMAEL,M ISMAEL,10000
1060200166,2020-GCUF-064554,21/10/2021,KOMAL IFTIKHAR,IFTIKHAR MASIH,15000
1070400025,2019-GCUF-059033,21/10/2021,ZAIN NAVEED,NAVEED-UZ-ZAFAR,32550
1040200236,2020-GCUF-059688,21/10/2021,ALLAH RAKHI,ABDUL RASHEED,9500
1110400059,2019-GCUF-058694,21/10/2021,BISMA KHAN,ABID JAMEEL KHAN,6000
1060400097,2019-GCUF-059127,21/10/2021,WAFEERA,MOAZZAM ALI,12000
1080200119,2020-GCUF-064428,21/10/2021,FAREENA IQBAL,M IQBAL,12000
1080200141,2020-GCUF-064459,21/10/2021,IMAN NAEEM,NAEEM AHMAD,14000
1040400211,2019-GCUF-058157,21/10/2021,IQRA EJAZ,M. EJAZ AHMAD,15250
1120400119,2019-GCUF-057716,21/10/2021,RIMSHA YAQOOB,YAQOOB MASIH,20000
1080200117,2020-GCUF-064426,21/10/2021,HARIS SOHAIL,SOHAIL AFZAL,10000
1050400029,2019-GCUF-058463,21/10/2021,MUHAMMAD UMAR,ABDUL SALAM,7000
1060600059,2018-GCUF-059581,21/10/2021,MUQADDAS AFZAL,MUHAMMAD AFZAL MALIK,4500
1040200263,2020-GCUF-059780,21/10/2021,ROHA NASIR,ABDUL NASIR,20000
1040200243,2020-GCUF-059706,21/10/2021,MUHAMMAD ANEES,IMAM BAKHSH,9600
1040200254,2020-GCUF-059746,21/10/2021,HAMMAD ALI,MUHAMMAD HAMEED,5000
1040200241,2020-GCUF-059701,21/10/2021,M ASAD MASOOD,M MASOOD KHALID,7000
1040200248,2020-GCUF-059725,21/10/2021,ZEESHAN ALI,FARMAN ALI,10000
1040400198,2019-GCUF-058138,21/10/2021,MUHAMMAD USMAN ISMAIL,MUHAMMAD ISMAIL,10000
1010200086,2020-GCUF-059575,21/10/2021,ANUM AZIZ,ROUF AZIZ, -   
1080600052,2018-GCUF-069850,21/10/2021,UMAR ALI,SHAHBAZ ALI,40000
1100600023,2018-GCUF-059914,21/10/2021,MUHAMMAD AMIR SOHAIL,0,10000
1110400044,2019-GCUF-058667,21/10/2021,LAVEEZA TARIQ,MUHAMMAD TAHIR,14000
1110400027,2019-GCUF-058571,21/10/2021,ATIQA AMIN,MUHAMMAD AMIN,12000
1060400086,2019-GCUF-059111,21/10/2021,ALINA AMIN,MUHAMMAD AMIN,19500
1060400106,2019-GCUF-059178,21/10/2021,AREEBA EMMANUAL,EMMANUAL MASIH,25000
1110400071,2019-GCUF-061981,21/10/2021,RIMSHA ,JAHANGIR,8470
1040400203,2019-GCUF-058147,21/10/2021,AYESHA ASHRAF,MUHAMMAD ASHRAF,19000
1120400127,2019-GCUF-057728,21/10/2021,SAMAN NAZ,MUHAMMAD KHALID,10000
1070200067,2019-GCUF-073480,21/10/2021,REHAN,KHURSHEED AHMAD,10000
1060600068,2018-GCUF-059626,21/10/2021,UREEBA RAFIQ,MUHAMMAD RAFIQ,10000
1060600045,2018-GCUF-059629,21/10/2021,HADIQA HASSAN,FAKHAR HASSAN,35400
1100600032,2018-GCUF-060016,21/10/2021,RANI AYESHA NAEEM,MUHAMMAD NAEEM HASSAN,6000
1120400100,2019-GCUF-069485,21/10/2021,HAFIZA WARDA SEHAR,SAEED AKHTAR,35000
1060600047,2018-GCUF-059644,21/10/2021,HAFSA MUKHTAR,CH MUKHTAR AHMAD, -   
1100600037,2018-GCUF-059922,21/10/2021,SOHAIB TAHIR,MUHAMMAD TAHIR,5000
1120600092,2018-GCUF-070175,21/10/2021,LAIBA,MUNIR HUSSAIN,11750
1010200068,2020-GCUF-059534,22/10/2021,AQIB ABID,ABID HUSSAIN,8000
1010200094,2020-GCUF-059602,22/10/2021,SAAD,M ASHFAQ,13000
1080200105,2020-GCUF-064412,22/10/2021,HAFIZ M UMAIR UMER,UMER DARAZ KHAN,9000
1080200133,2020-GCUF-064443,22/10/2021,M IJAZ,SAAD ULLAH KHAN,12000
1040600176,2018-GCUF-070208,22/10/2021,NIMRA BASHIR,BASHIR SHAUKAT,12000
1090200041,2020-GCUF-059281,22/10/2021,FARAH ,AHMAD ALI,26000
1040400209,2019-GCUF-058154,22/10/2021,NOORAM JAFAR,JAFAR AMIN,20000
1030200121,2020-GCUF-064279,25/10/2021,M MANNAN KHAN LODHI,M SHAKIR KHAN,15000
1040400231,2019-GCUF-058212,25/10/2021,SAIGHA NASIR,NASIR MAHMOOD,55250
1120400097,2019-GCUF-057635,25/10/2021,ASMA BATOOL,ZAFAR IQBAL, -   
1040200246,2020-GCUF-059723,25/10/2021,LAIBA ARIF,DR ARIF MEHMOOD,31500
1100600033,2018-GCUF-060065,25/10/2021,ROHEELA MUKHTAR,MUKHTAR AHMAD,6000
1050400043,2019-GCUF-058529,25/10/2021,IQRA NAWAZ,MUHAMMAD NAWAZ,5000
1040400213,2019-GCUF-058173,25/10/2021,FATIMA AMJAD,AMJAD HUSSAIN CHISHTI,10000
1010400045,2019-GCUF-058861,25/10/2021,MUHAMMAD AWAIS,MUHAMMAD ZUBAIR,15000
1040400202,2019-GCUF-058146,25/10/2021,FATIMA SHAHEEN,SYED NAEEM AHMAD ZAIDI,10000
1040400207,2019-GCUF-058152,25/10/2021,GHULAM FATIMA,MUHAMMAD FAYYAZ BHATTI,27000
1110400032,2019-GCUF-058576,25/10/2021,KHIZRA,MUHAMMAD FAYYAZ BHATII,21000
1010400039,2019-GCUF-058839,25/10/2021,MARIA NAVEED,MUHAMMAD NAVEED,10000
1010400043,2019-GCUF-058858,25/10/2021,SAHAR TARIQ,TARIQ MAHMOOD,10000
1130400025,2019-GCUF-058814,25/10/2021,HAFIZ USAMA ,SHABIR AHMAD,10000
1040800098,2017-GCUF-064376,25/10/2021,Minahil Shahid,0,7000
1040600146,2018-GCUF-060192,25/10/2021,HASHIR BIN KHALID,RANA KHALID MEHMOOD,11000
1120200176,2020-GCUF-064176,25/10/2021,MEHWISH,MALIK ABDUL MAJEED,13000
1120200186,2020-GCUF-064200,25/10/2021,BISMA,M MUSHTAQ,10000
1120200174,2020-GCUF-064169,25/10/2021,HAFIZ M UMAIR WARIS,M WARIS,15000
1040600168,2018-GCUF-060189,25/10/2021,ZAINAB FAROOQ,FAROOQ SHAHID GILL,12000
1110400062,2019-GCUF-058698,25/10/2021,ZAINAB MAQSOOD,MUHAMMAD MAQSOOD,12500
1040600171,2018-GCUF-060234,25/10/2021,SALEHA MANSOOR,MANSOOR AHMED,22000
1010400061,2019-GCUF-058911,25/10/2021,ZULQARNAIN,MUHAMMAD WARIS HUSSAIN,10000
1070200082,2020-GCUF-075583,25/10/2021,M AHSAN SAEED,M SAEE,9000
1010400056,2019-GCUF-058895,25/10/2021,MEHAK JANNAT AMJAD,AMJAD MEHMOOD CHOHAN,5000
1010400067,2019-GCUF-058923,25/10/2021,SHEEZA AZAM,MUHAMMAD AZAM KHAN,5000
1040200242,2020-GCUF-059704,25/10/2021,M WAQAS FAROOQ,FAROOQ AHMAD,20000
1010400042,2019-GCUF-058857,25/10/2021,SHEIKH ASAAD AHMAD,MUHAMMAD ZUBAIR KAMAL,31000
1020200088,2020-GCUF-064317,25/10/2021,SIBGHAT ULLAH,FIYYAZ AHMAD,15000
1100400056,2019-GCUF-057839,25/10/2021,MUHAMMAD ZAHID RAMZAN,MUHAMMAD RAMZAN,10000
1060600032,2018-GCUF-059642,25/10/2021,ALEEZA MALIK,MALIK SHER ALI AWAN, -   
1060600046,2018-GCUF-059602,25/10/2021,HAFIZA SEHRISH JAFFAR,CHOUDARY JAFFAR ALI, -   
1040800120,2017-GCUF-066888,25/10/2021,Saleha/ Muhammad Riaz,0, -   
1030400084,2019-GCUF-058721,25/10/2021,SHEHROZ JAVED,JAVED IQBAL,18000
1030600047,2018-GCUF-060459,25/10/2021,Muhammad Bilal,0,7000
1110600010,2018-GCUF-066102,25/10/2021,HAFIZ MUHAMMAD TALHA,ANJUM HUSSAIN,11400
1060400102,2019-GCUF-059132,25/10/2021,SALIHA MUNIR,MUNIR AHMED,13000
1120400140,2019-GCUF-057754,25/10/2021,AFZAL KARIM,ABDUL KARIM,5000
1040800083,2017-GCUF-064360,25/10/2021,Aqib Liaqat ,0,17000
1110400055,2019-GCUF-058686,25/10/2021,RABIA AZAM,MUHAMMAD AZAM KHAN,10000
1100400078,2019-GCUF-057970,25/10/2021,MUHAMMAD ASIM RAZA,ASHIQ HUSSAIN,35000
1100600041,2018-GCUF-060094,25/10/2021,TOOBA ABBAS,GHULAM ABBAS,8500
1120400129,2019-GCUF-057732,25/10/2021,SUMIYA IBRAR,IBRAR AHMAD,10000
1030400094,2019-GCUF-058745,25/10/2021,NAZAM ALI,MUHAMMAD ASLAM,35250
1040600183,2018-GCUF-078483,25/10/2021,JAVERIA ISHTIAQ,M. Ishtiaq,5000
1120600064,2018-GCUF-059809,25/10/2021,MARYAM HANIF,MUHAMMAD HANIF,5000
1120600083,2018-GCUF-059745,25/10/2021,TAYYABA RAHAT,MUHAMMAD RAHAT,4000
1030400113,2019-GCUF-058778,25/10/2021,NOUMAN KHALIQ,ABDUL KHALIQ,13000
1040800091,2017-GCUF-064393,25/10/2021,Kiran Samdhani,0,8000
1060400091,2019-GCUF-059117,25/10/2021,AZEEM LIAQAT,LIAQAT ALI TABASSUM,15000
1030400101,2019-GCUF-058760,25/10/2021,UMME FARWA,MUHAMMAD IBRAHIM,32550
1030400089,2019-GCUF-058734,25/10/2021,MUBASHRA FATIMA,ASIF IQBAL,15000
1050600015,2018-GCUF-073130,25/10/2021,ZANEERA ABID,MUHAMMAD ABID JAMIL,3750
1010400030,2019-GCUF-058819,26/10/2021,ARSLAN IFTIKHAR,IFTIKHAR AHMAD,15000
1040600184,2018-GCUF-078480,26/10/2021,MARIA ISHTIAQ,M. Ishtiaq,5000
1040600130,2018-GCUF-060259,26/10/2021,TAMIA ALI,RIAZ ALI ,9900
1050400036,2019-GCUF-058479,26/10/2021,SHEZA SHAMS,AZIZ-UR-REHMAN,6000
1060400127,2019-GCUF-059249,26/10/2021,JAVERIA ASHRAF,MUHAMMAD ASHRAF,11250
1100600017,2018-GCUF-073154,26/10/2021,JAWERIA NADEEM,NADEEM KHAN,6500
1040600166,2018-GCUF-060183,26/10/2021,ZAINAB JAVED,M.JAVED,10000
1040800080,2017-GCUF-066724,26/10/2021,HAFIZA IQRA SHEHZADI,Abdul Aziz Tahir,20000
1050400020,2019-GCUF-058436,26/10/2021,ZAHRA BASHIR,BASHIR AHMAD,5000
1060400108,2019-GCUF-059184,26/10/2021,AQSA MAJEED,ABDUL MAJEED,26000
1060400085,2018-GCUF-060651,26/10/2021,ABU BAKKAR SIDDIQUE,JAVED IQBAL,13500
1060400095,2019-GCUF-059125,26/10/2021,M. KHURAM ZUBAIR,MUHAMMAD ASGHAR,20000
1060400126,2019-GCUF-059247,26/10/2021,NIMRA IJAZ,IJAZ AHMAD,10500
1070200059,2020-GCUF-064008,26/10/2021,HAMZA,M HUMAYON,5000
1110400058,2019-GCUF-058692,26/10/2021,SANA,MAQSOOD HUSSAIN,14000
1050400049,2019-GCUF-058549,26/10/2021,AQSA TARIQ,TARIQ MEHMOOD,10000
1060600073,2018-GCUF-069876,26/10/2021,KINZA ABID,ABID HMAEED,5000
1060200161,2020-GCUF-064549,26/10/2021,AREEJ FATIMA,MUHAMMAD ABID,47000
1040800102,2017-GCUF-064384,26/10/2021,Ayesha Younas,0, -   
1040800115,2017-GCUF-066899,26/10/2021,Iqra Khadim ,0,10000
1120400126,2019-GCUF-057725,26/10/2021,MAHNOOR SHAHBAZ,M. SHAHBAZ LATEEF RASHEED,15000
1070200053,2020-GCUF-082179,26/10/2021,ADNAN NAZIR,IRFAN ALI,15000
1130600009,2018-GCUF-059372,26/10/2021,RIMSHA JAMSHAID,SYED JAMSHAID AHMAD,35800
1060600079,2018-GCUF-070189,26/10/2021,RIMSHA,UMER HAYYAT,15000
1130400020,2019-GCUF-058807,26/10/2021,FATIMA SAMMAR,SAMMAR IQBAL,5000
1010400065,2019-GCUF-058916,26/10/2021,HIRA TAHIR,MUHAMMAD TAHIR HUSSAIN,5000
1020200097,2020-GCUF-059171,26/10/2021,ALEEZA ARSHAD,M ARSHAD,4000
1030600058,2018-GCUF-060465,26/10/2021,NOOR FATIMA,MUDASSAR HAMEED,5000
1040800076,2017-GCUF-064339,26/10/2021,HAFSA QAMAR,0,10000
1040600164,2018-GCUF-060165,26/10/2021,ANAM ABID,M.ABID,10000
1060400083,2019-GCUF-059109,26/10/2021,LAIBA SHAHZADI,MUZAFFAR HUSSAIN,9000
1040800103,2017-GCUF-064386,26/10/2021,Hira habib ,0,18000
1040400216,2019-GCUF-058183,26/10/2021,AMNA SHEHZADI,MUHAMMAD TUFAIL,5000
1060400084,2019-GCUF-059110,26/10/2021,KIRAN AKRAM,MUHAMMAD AKRAM,8000
1050200065,2020-GCUF-059356,26/10/2021,IQRA TARIQ,M TARIQ JAMIL,6000
1050200066,2020-GCUF-059358,26/10/2021,SANA SHAHZAD,SHAHZAD AHMAD,5000
1100400086,2019-GCUF-057993,26/10/2021,MUHAMMAD TANVEER,MUHAMMAD WARIS,10000
1070200065,2020-GCUF-064024,26/10/2021,MAHRUKH,M JAMIL,9000
1080200143,2020-GCUF-064472,26/10/2021,M UMAR RAMZAN,M RAMZAN,10300
1080200113,2020-GCUF-064420,26/10/2021,M LUQMAN,KHUDA BUX,10000
1040800109,2017-GCUF-064398,26/10/2021,Ayesha Sadiqa Khalid,0,31700
1040800104,2017-GCUF-064391,26/10/2021,Hafsa Anees,M ANEES,15000
1040800105,2017-GCUF-064394,26/10/2021,Mariha Munir,M.MUNIR,5000
1040800072,2017-GCUF-064346,26/10/2021,LAIBA FIAZ,FAYYAZ ABBAS,8000
1040800122,2017-GCUF-068339,26/10/2021,Syeda Komal Aftab ,0,20000
1060200137,2020-GCUF-064526,26/10/2021,MUQADAS KHALID,KHALID MEHMOOD,10000
1060600041,2018-GCUF-059582,26/10/2021,EYESHA,MUHAMMAD QADEER,5000
1040200250,2020-GCUF-059735,26/10/2021,SYED M HASEEB SHAH,SYED MUBARIK ALI,20000
1040200260,2020-GCUF-059766,26/10/2021,M ABDULLAH.,M RIAZ,17000
1120200189,2020-GCUF-064243,26/10/2021,AREEBA ASIF,ASIF YAQOOB,15000
1010200069,2020-GCUF-075525,26/10/2021,M WASEEM,DARWAISH MUHAMMAD,11250
1040400220,2019-GCUF-058194,26/10/2021,AYESHA REHMAN,MUHAMMAD AKMAL,8000
1040800112,2017-GCUF-066906,26/10/2021,Sameer Majeed Basra,0,30000
1050400051,2019-GCUF-069462,26/10/2021,SHAHNAWAZ,LIAQAT ALI,5000
1100200106,2020-GCUF-063983,26/10/2021,MIRZA M ARSLAN NABEEL,MIRZA M BILAL,10000
1100600044,2018-GCUF-073506,26/10/2021,USAMA ZAFAR,ABUL FATEH MUHAMMAD ABU BAKAR, -   
1040800078,2017-GCUF-064335,26/10/2021,AYESHA AMJAD,,5000
1040800070,2017-GCUF-064350,26/10/2021,MARYAM SIDDIQUI,M YOUSAF SIDDIQUE,10000
1040800071,2017-GCUF-064348,26/10/2021,ANSA TARIQ,,10000
1040400201,2019-GCUF-058144,27/10/2021,HARIS ZAHID,ZAHID SAEED,30500
1040200262,2020-GCUF-059771,27/10/2021,LARAIBA KHAN,ZULFIQAR KHAN,10000
1080400084,2019-GCUF-057589,27/10/2021,MUNIBA KHALID,MUHAMMAD KHALID BHATTI,8000
1110600017,2018-GCUF-066086,27/10/2021,MEMOONA AMJAD,CHAUDHARY AMJAD RABBANI,28000
1010200096,2020-GCUF-059610,27/10/2021,UMAR BIN IJAZ,IJAZ AHMAD,12000
1110400051,2019-GCUF-058682,27/10/2021,ALISHA AROOJ,M. SHAHID ANWAR,12700
1030600052,2018-GCUF-060533,27/10/2021,MUHAMMAD QASIM AMIR,NADEEM AMIR AHMAD,15000
1120200188,2020-GCUF-064241,27/10/2021,AYESHA BIBI,SHOUKAT ALI,5000
1010200073,2020-GCUF-059543,27/10/2021,HAMZA AMIN,M AMIN VICKY,9500
1060200139,2020-GCUF-064529,27/10/2021,RAHBIL SAHER,M ISHAQ,10000
1070400041,2019-GCUF-059079,27/10/2021,SHAHERYAR WAHID,ABDUL WAHID SIDDIQUE,14000
1130400014,2019-GCUF-058801,27/10/2021,FARASAT ALI,NISAR AHMED,20000
1110400036,2019-GCUF-058580,27/10/2021,AROOSA,MUJAHID ALI,5000
1080200127,2020-GCUF-064437,27/10/2021,UZMA HANIF,M HANIF,10000
1110400065,2019-GCUF-058703,27/10/2021,HAFIZA ZAINAB YASEEN,MUHAMMAD YASEEN,8000
1050400046,2019-GCUF-058543,27/10/2021,MAHAM,MUHAMMAD IDREES,20500
1040400203,2019-GCUF-058147,27/10/2021,AYESHA ASHRAF,M ASHRAF,10000
1040800069,2017-GCUF-064353,27/10/2021,MAIRA SHAHID,,19000
1070600010,2018-GCUF-059501,27/10/2021,MUNEEB AHMAD,NAWAZ ALI,5000
1070600011,2018-GCUF-059495,27/10/2021,SAQLAIN MUSHTAQ,MUSHTAQ AHMED,4000
1040400214,2019-GCUF-058176,28/10/2021,BUSHRA NAZ,MUHAMMAD YOUSAF,20000
1020600030,2018-GCUF-059245,28/10/2021,AQSA AKHTAR,MUHAMMAD AKHTAR,30000
1020600050,2018-GCUF-059199,28/10/2021,MUNEEBA AMJAD,MUHAMMAD AMJAD,30000
1060600034,2018-GCUF-059568,28/10/2021,ANISA AMJAD,MUHAMMAD AMJAD,10000
1120200177,2020-GCUF-064183,28/10/2021,AMIR SOHAIL,TAWAKAT KHAN,30000
1070200052,2020-GCUF-064067,28/10/2021,AABISH,ADNAN MUHAMMAD SHAFIQUE,7000
1030400099,2019-GCUF-058757,28/10/2021,JUNAID AHMAD,GUL KALAM,36600
1070200076,2020-GCUF-064045,28/10/2021,M ARISH,M SALEEM,10130
1120600066,2018-GCUF-059703,28/10/2021,MISBAH PARVEEN,MUHAMMAD AFZAL,20000
1080200104,2020-GCUF-064480,28/10/2021,LAIBA RIAZ,MUHAMMAD RIAZ,20000
1060400100,2019-GCUF-059130,28/10/2021,ZAINAB ISHAQ,CH. M. ISHAQ BAJWA,5000
1060400093,2019-GCUF-059120,28/10/2021,KHADIJA,ABDUL WAHEED,5000
1100400057,2019-GCUF-057842,28/10/2021,MUHAMMAD SHAHBAZ,MUHAMMAD SIRAJ,5000
1030600047,2018-GCUF-060459,28/10/2021,MUHAMMAD BILAL,MUHAMMAD SULEMAN,15000
1040600183,2018-GCUF-078483,28/10/2021,JAVERIA ISHTIAQ,M. Ishtiaq,10000
1040600184,2018-GCUF-078480,28/10/2021,MARIA ISHTIAQ,M. Ishtiaq,9000
1010400043,2019-GCUF-058858,28/10/2021,SAHAR TARIQ,TARIQ MAHMOOD,10000
1120600072,2018-GCUF-059756,28/10/2021,NIMRA,ABDUL SATTAR,7000
1120600076,2018-GCUF-059711,28/10/2021,RABIA YAQOOB,M.YAQOOB,15000
1080200126,2020-GCUF-064436,28/10/2021,M RASHID GHAFOOR,ABDUL GHAFOOR,10000
1040800067,2017-GCUF-064355,28/10/2021,SHANZAY WAJID,,3000
1100600035,2018-GCUF-060043,29/10/2021,SHAHEEN IQBAL,SHABEER HUSSAIN,6000
1020400060,2019-GCUF-058009,29/10/2021,TOHEED REHMAN,BUKHAT REHMAN,7000
1030200135,2020-GCUF-059481,29/10/2021,M TANVEER,M YAQOOB,19500
1080200125,2020-GCUF-064438,29/10/2021,SABA ILYAS,M ILYAS,10000
1120600054,2018-GCUF-073085,29/10/2021,HAZRAT BILAL,HABIB ULLAH KHAN,20000
1020600024,2018-GCUF-059331,29/10/2021,ABDUL REHMAN,0,20000
