Student ID,Accounts Registration No,Date,Student Name,Father Name,Amount
1040800082,2017-GCUF-064361,4/10/2021,Hafiza Amara Raza ,,31000
1040800086,2017-GCUF-064357,11/10/2021,Muhammad Adnan ,,31700
1060600036,2018-GCUF-059681,11/10/2021,ASHBEEL SHAMIN,SHAMIM IQBAL GILL,13000
1110600016,2018-GCUF-066106,12/10/2021,MAHNOOR MUNIR,MUNIR AHMAD GHAURI,5000
1040600136,2018-GCUF-060378,12/10/2021,HADIQA NAEEM,CH.M.NAEEM,13200
1020600035,2018-GCUF-059321,14/10/2021,AYESHA IRSHAD,MUHAMMAD IRSHAD,6000
1120200158,2020-GCUF-064111,14/10/2021,YOUSRA KHURSHEED,KHURSHED AHMAD,13000
1120600087,2018-GCUF-071713,14/10/2021,RIMZA MARYAM,GHULAM MUSTAFA,5000
#N/A,#N/A,14/10/2021,Rimzah Maryam,Ghulam Mustafa,4668
1070600012,2018-GCUF-059479,15/10/2021,SIDRA YASEEN,GULAM YASEEN,7500
1070600007,2018-GCUF-059498,15/10/2021,KAUSAR,MUHAMMAD FARYAD,5000
1040800087,2017-GCUF-064381,15/10/2021,Usman Zahoor Anjum,,36900
1040600155,2018-GCUF-060280,15/10/2021,SANA NASEER,NASEER AHMED,5000
1120600082,2018-GCUF-059739,15/10/2021,SHUMAILA NAZIR,NAZIR AHMAD,8000
1030200146,2020-GCUF-059504,16/10/2021,M SUFYAN ARSHAD,M ARSHAD,10000
1010200093,2020-GCUF-059599,18/10/2021,FAIZ ULLAH,MUNIR AHMAD,10000
1040400199,2019-GCUF-058142,18/10/2021,ELIZA AWAIS,AWAIS BAKHT,66750
1060200172,2020-GCUF-064560,18/10/2021,IRSA,AFZAAL SARWAR BUTT,15000
1040800068,2017-GCUF-064354,20/10/2021,IQRA ARSHAD SARHANDI,0,5000
1060400114,2019-GCUF-059195,20/10/2021,ZAIB-UN-NISA,MUHAMMAD SOHAIL,30000
1070600005,2018-GCUF-059472,20/10/2021,ANEES KHAN,SHAHADAT KHAN,7200
1120200179,2020-GCUF-064195,21/10/2021,MAH JABEEN,TANVEER HASSAN,26000
1010200086,2020-GCUF-059575,21/10/2021,ANUM AZIZ,ROUF AZIZ,13500
1060600047,2018-GCUF-059644,21/10/2021,HAFSA MUKHTAR,CH MUKHTAR AHMAD,10000
#N/A,#N/A,22/10/2021,Abdul Ghaffar,Abdul Razzaq,2400
1120400097,2019-GCUF-057635,25/10/2021,ASMA BATOOL,ZAFAR IQBAL,45000
1060600032,2018-GCUF-059642,25/10/2021,ALEEZA MALIK,MALIK SHER ALI AWAN,8000
1060600046,2018-GCUF-059602,25/10/2021,HAFIZA SEHRISH JAFFAR,CHOUDARY JAFFAR ALI,33700
1040800120,2017-GCUF-066888,25/10/2021,Saleha/ Muhammad Riaz,0,12000
#N/A,#N/A,25/10/2021,M HANZALAH,M SAIFULLAH,20000
#N/A,#N/A,25/10/2021,ABDUL RAFAY,M SAIFULLAH,20000
1040800102,2017-GCUF-064384,26/10/2021,Ayesha Younas,0,10000
1100600044,2018-GCUF-073506,26/10/2021,USAMA ZAFAR,ABUL FATEH MUHAMMAD ABU BAKAR,17100
#N/A,#N/A,27/10/2021,LUBNA INAYAT,M INAYAT,20000
