type,passmark,finalmark,subject,subject_author,subject_code,teachers,
0,24,60,FUNCTIONAL ENGLISH,N/A,ENG-321,20,
0,24,60,ISLAMIC STUDIES,N/A,ISL-321,29,
0,24,60,ETHIC(FOR NON MUSLIM ONLY),N/A,ISL-322,36,
1,24,60,INTRODUCTION TO PSYCHOLOGY-I,N/A,PSY-301,37,
0,24,60,ALGEBRA AND TRIGNOMETRY,N/A,MTH-321,24,
1,24,60,TOLERANCE,N/A,PSY-303,22,
0,24,60,TRANSLATION OF THE HOLY QURAN-I,N/A,ISL-311,29,
1,24,60,INTRODUCTION TO SOCOLOGY,N/A,SOC-307,67,
,,,,,,,
,,,,,,,
,,,,,,,
,,,,,,,
,,,,,,,
,,,,,,,
