Student ID,Accounts Registration No,Date,Student Name,Father Name,Amount
1040200261,2020-GCUF-059763,1/11/2021,MINAHIL TARIQ,CHAUDHRY TARIQ AZIZ,30000
1120600079,2018-GCUF-059770,1/11/2021,SAIRA KHAN,IZAT KHAN,37100
1020200096,2020-GCUF-059169,1/11/2021,MEHWISH ASLAM,ZULFIQAR ALI,10000
#N/A,#N/A,1/11/2021,#N/A,M ASLAM,20000
1080400086,2019-GCUF-057592,1/11/2021,TAYYABA SUMMAN SALEEM,AMJAD SALEEM,12500
1080400072,2019-GCUF-057566,1/11/2021,NISA FATIMA,MUHAMMAD SHAHZAD,10000
1080400063,2019-GCUF-057543,1/11/2021,RIMSHA SAHAR,RIAZ AHMAD,6000
1080400066,2019-GCUF-057548,1/11/2021,NEHA,JAVAID MASIH,18000
1100400069,2019-GCUF-057882,1/11/2021,TANZILA MUMTAZ,ALLAH DITTA,10000
1040400226,2019-GCUF-058205,1/11/2021,ZAIMAH ISMAIL,MOHAMMAD ISMAIL,15000
1080400097,2019-GCUF-057619,1/11/2021,NIMRA NAEEM,NAEEM ARSHAD,10000
1080400070,2019-GCUF-057559,1/11/2021,MUQADDAS KHAN,EJAZ AHMAD,0
#N/A,#N/A,1/11/2021,#N/A,NAJEEB UR REHMAN,20000
1080400062,2019-GCUF-057541,1/11/2021,KAINAT BABER,ZAHEER-U-DIN BABER,36250
1030200120,2020-GCUF-059464,1/11/2021,HUSSAIN GEE,KASHIF CHOHAN,13000
1070200075,2020-GCUF-064048,1/11/2021,M SHAYAN HAIDER,M SHAHBAZ HAIDER,11000
1100400050,2019-GCUF-057804,1/11/2021,USAMA BIN HAKIM,HAKIM ALI,11000
#N/A,#N/A,1/11/2021,MEMOONA BASHARAT,Hakim Ali,3000
#N/A,#N/A,1/11/2021,#N/A,BASHARAT ALI,20000
1080600042,2018-GCUF-060713,1/11/2021,RIZWAN MURTAZA,GHULAM MUSTAFA,10000
1040800074,2017-GCUF-064369,1/11/2021,LAIBA AKRAM,0,0
1100600010,2018-GCUF-073156,1/11/2021,FARZEEN IRSHAD,IRSHAD ALI,6200
1040800089,2017-GCUF-064359,1/11/2021,Sarah Khan ,NASRULLAH KHAN,10000
1040800107,2017-GCUF-064397,1/11/2021,PAYAM BATOOL NAQVI,0,0
#N/A,#N/A,1/11/2021,HAFSA TAHIR BHATTI,SYED YAWAR HUSSAIN,20000
#N/A,#N/A,1/11/2021,#N/A,TAHIR UZ ZAMAN,20000
1100400065,2019-GCUF-069466,1/11/2021,AYESHA NAZIR,NAZIR AHMAD,15000
1100400055,2019-GCUF-057838,1/11/2021,HIRA ASHFAQ,MUHAMMAD ASHFAQ,12000
1070400021,2019-GCUF-059027,1/11/2021,MUHAMMAD JUNAID SALEEM,SALEEM AFZAL,9000
1100600029,2018-GCUF-060095,1/11/2021,NOOR UL NISA,MUHAMMAD AFZAL,5000
1040800088,2017-GCUF-064356,1/11/2021,M. Sohaib Imtiaz,0,10000
#N/A,#N/A,1/11/2021,Ansar Mehmood,Muhammad Ramzan,5000
1050400039,2019-GCUF-058505,1/11/2021,AHSAN MAHMOOD,AZHAR MAHMOOD,20500
1040600170,2018-GCUF-060363,1/11/2021,BISMA,MANZOOR AHMAD,0
#N/A,#N/A,1/11/2021,IRAM SHEHZADI,SHAHZADA NAEEM,20000
#N/A,#N/A,1/11/2021,HUSNAIN,SARWAR HUSSAIN,10000
#N/A,#N/A,1/11/2021,#N/A,M AKRAM,20000
1040800125,2017-GCUF-066915,1/11/2021,Huda Aqeel ,0,7500
1040800124,2017-GCUF-066893,1/11/2021,Hira Aqeel ,0,7500
1050400034,2019-GCUF-058473,1/11/2021,AMEER HAMZA,M. AHMAD NAEEM,9000
#N/A,#N/A,1/11/2021,USAMA ALI,RASHID ALI,20000
#N/A,#N/A,1/11/2021,#N/A,ALI AKBAR,20000
1080200130,2020-GCUF-064441,2/11/2021,TAYYABA SAEED,M SAEED,46500
1040600144,2018-GCUF-060156,2/11/2021,MARIAM RASHID,SYED RASHID HUSSAIN,33500
1070400023,2019-GCUF-059030,2/11/2021,ZOHAIB JAVED,JAVED MUSTAFA,15000
1050600003,2018-GCUF-073114,2/11/2021,IFRA AKHTAR,MUHAMMAD AKHTAR,5000
1060400101,2019-GCUF-059131,2/11/2021,AYESHA MARIYAM,MUHAMMAD YOUSAF,15000
1060400090,2019-GCUF-059116,2/11/2021,AYESHA LATEEF,MUHAMMAD LATEEF,22000
1060600076,2018-GCUF-070182,2/11/2021,ABEERA FATIMA,ZULFIQAR ALI,4000
1040600148,2018-GCUF-060285,2/11/2021,HAFIZA MAMOONA AKRAM,M AKRAM,11000
1030400102,2019-GCUF-058761,2/11/2021,ABDUR REHMAN MALIK,M TARIQ IQBAL,18300
1120600083,2018-GCUF-059745,2/11/2021,TAYYABA RAHAT,M RAHAT,10000
1060600080,2018-GCUF-070185,2/11/2021,ARFA TAHOOR ANWER,M ANWAR,16800
1120200150,2020-GCUF-064102,2/11/2021,HAFIZA HIJAB REHMAN,QAZI SAJID MEHMOOD,10000
1020200094,2020-GCUF-064320,2/11/2021,M AAKASH,M SAEED,7000
#N/A,#N/A,2/11/2021,#N/A,GHULAM RASOOL,19500
1080200114,2020-GCUF-064419,2/11/2021,FAREEHA FATIMA,#REF!,21000
#N/A,#N/A,2/11/2021,ZOHAIB,M FAYYAZ BHATTI,20000
#N/A,#N/A,2/11/2021,#N/A,ZULFIQAR ALI,20000
1020400083,2019-GCUF-058055,2/11/2021,SAWAIRA AHMED,#REF!,17000
1020400084,2019-GCUF-058058,2/11/2021,AWAIS NAZIR,M NAZIR,20000
1010400049,2019-GCUF-058871,2/11/2021,AHMAD SULTAN,SULTAN MEHMOOD,4000
1030200133,2020-GCUF-059476,2/11/2021,ASNA ZAHID,ZAHID HUSSAIN,20000
1040400206,2019-GCUF-058150,2/11/2021,MAHNOOR,ASIF JAMIL CHAUDARY,10000
1040600159,2018-GCUF-060368,3/11/2021,AYESHA RIAZ,RIAZ ALI,7800
1050200081,2019-GCUF-077785,3/11/2021,AIMAN GULZAR,GULZAR HUSSAIN,10000
1010400041,2019-GCUF-058848,3/11/2021,FAIQA ZAHID,ZAHID,10000
1060400122,2019-GCUF-059237,3/11/2021,HIRA SHAFIQUE,M SHAFIQUE,11250
1080400067,2019-GCUF-057551,3/11/2021,ASMA,RASHEED AHMAD,10000
1010600027,2018-GCUF-070115,3/11/2021,OSAMA SHAFIQ,M SHAFIQ,3000
1040600150,2018-GCUF-060389,3/11/2021,AQSA KHALIL,KHALIL AHMAD,10380
1040600157,2018-GCUF-060161,3/11/2021,EMAN FATIMA,M YOUSAF,12700
1080400085,2019-GCUF-057590,3/11/2021,RIMSHA IFTIKHAR,CH IFTIKHAR,0
1010200099,2020-GCUF-075542,3/11/2021,NADEEM ZULFIQAR,ZULFIQAR ALI,9000
1130600010,2018-GCUF-060607,3/11/2021,AROOJ AFZAL,M AFZAL,31250
#N/A,#N/A,3/11/2021,Muhammad Saif Ullah,HAFEEZULLAH,6900
1010600019,2018-GCUF-060776,3/11/2021,SHAHZEEN,DIN MUHAMMAD,10000
1040800114,2017-GCUF-064623,3/11/2021,Tayyaba Anwar,,20000
1070200051,2020-GCUF-063998,3/11/2021,M MURTAZA,M ARIF,5000
1020600059,2018-GCUF-070163,3/11/2021,RIMSHA ZAIDI,GHULAM HAIDER,10000
1020400070,2019-GCUF-058023,3/11/2021,AHSAN KHALID,KHALID MEHMOOD,10000
1070400032,2019-GCUF-059049,3/11/2021,MUDASAR MUSHRAF,WARIS WAHEED,10000
#N/A,#N/A,3/11/2021,#N/A,MUSHRAF HUSSAIN,20000
1010400066,2019-GCUF-058919,3/11/2021,HAFIZ ABDULLAH SPOURD,MUNAWAR HUSSAIN,5000
#N/A,#N/A,3/11/2021,#N/A,SPOURD ALI,20000
1120400137,2019-GCUF-057746,4/11/2021,FATIMA AKRAM,M AKRAM,15000
1050200082,2020-GCUF-059419,4/11/2021,TEHREEM FATIMA,M IRSHAD,7500
1040600141,2018-GCUF-060137,4/11/2021,ZAINAB IQBAL,JAVAID IQBAL,10500
1120600062,2018-GCUF-059885,4/11/2021,MARYAM,TARIQ MASIH,10000
1080200147,2020-GCUF-075665,4/11/2021,AYESHA,TAHIR ALI,10000
1120200169,2020-GCUF-064146,4/11/2021,MARYAM TAHIR,TAHIR KAMAL,12000
1120200191,2020-GCUF-064248,4/11/2021,MARIA FAWAD,M FAWAD,10000
1110200081,2020-GCUF-059050,4/11/2021,IQRA AJMAL,M AJMAL CHAUDHRY,6560
1100200101,2020-GCUF-063966,4/11/2021,HIRRA RIZVIA,NADEEM TIFAIL,9000
1060600038,2018-GCUF-059594,4/11/2021,AZAM FAROOQ,M FAROOQ,20000
1080600044,2018-GCUF-060701,4/11/2021,SYEDA NEHMAR ZAHRA,SYED MUJAHID,8000
1080200129,2020-GCUF-064439,4/11/2021,SIDRA,ALLAH DITTA,8600
1050400028,2019-GCUF-058462,4/11/2021,JAVERIA,ABDUL HAMEED,12000
1040800119,2017-GCUF-066884,4/11/2021,Mahnoor Yousaf ,,10000
1030400080,2019-GCUF-058714,4/11/2021,MUHAMMAD MAAZ,NASEER SADIQ,20000
1010400036,2019-GCUF-058830,4/11/2021,M. ALI BUTT,M AFZAL BUTT,15000
1030400109,2019-GCUF-058773,4/11/2021,MUHAMMAD USAMA ZULFIQAR,ZULFIQAR ALI,18000
1060200158,2020-GCUF-064546,4/11/2021,NADIA ZULFIQAR,ZULFIQAR ALI,4500
1010400047,2019-GCUF-058864,4/11/2021,MUHAMMAD MOID ISLAM,M AZHER ISLAM,10000
1040800076,2017-GCUF-064339,4/11/2021,SAIRA AMIR,ASGHAR ALI,21000
#N/A,#N/A,4/11/2021,#N/A,M AMIR,20000
1080600032,2018-GCUF-060694,4/11/2021,MUHAMMAD FAHAD BHATTI,M FAYYAZ BHATTI,6500
#N/A,#N/A,5/11/2021,Sana Aslam,M ASLAM,2000
1100600012,2018-GCUF-060063,5/11/2021,HADIA TALAT,TALAT MEHMOOD,10000
#N/A,#N/A,5/11/2021,Hassan Mehmood,TALAT MEHMOOD,5000
1080600023,2018-GCUF-060669,5/11/2021,EASHA RASHEED,RASHEED AHMAD,7500
1120600082,2018-GCUF-059739,5/11/2021,SHUMAILA NAZIR,NAZIR AHMAD,8000
1120600071,2018-GCUF-059847,5/11/2021,NAMRA IQBAL,AMIR IQBAL,9700
1120600057,2018-GCUF-059831,5/11/2021,ISHA/Shakeel,M SHAKEEL,10000
#N/A,#N/A,5/11/2021,Bilal Iftikahr,IFTIKHAR AHMAD,10000
1130600007,2018-GCUF-059368,5/11/2021,KHAN MUHAMMAD,M AFZAL,4500
#N/A,#N/A,5/11/2021,Saigha Nasir,NASIR MEHMOOD,2333
1100600011,2018-GCUF-059945,5/11/2021,M QASIM,M AKRAM,7000
#N/A,#N/A,5/11/2021,#N/A,M RIZWAN,24000
1060600063,2018-GCUF-059589,5/11/2021,MOAZIM ALI,SALMAN SIDDIQI,15000
#N/A,#N/A,5/11/2021,#N/A,ASHIQ HUSSIAN,20000
1040200258,2020-GCUF-059760,5/11/2021,MALIHA CHAUDHRY,M SALEEM,12500
#N/A,#N/A,5/11/2021,MARYAM,M ASHRAF,20000
1120600062,2018-GCUF-059885,5/11/2021,M YASEEN,TARIQ MASIH,0
#N/A,#N/A,5/11/2021,#N/A,M ASHIQ,20000
1060400099,2019-GCUF-059129,5/11/2021,RIMSHA LABHA,M YASEEN,20000
#N/A,#N/A,5/11/2021,#N/A,LABHA,20000
1060400118,2019-GCUF-059208,8/11/2021,AASIAH MARYAM,AHSAN RIAZ,30000
1120200174,2020-GCUF-064169,8/11/2021,HAFIZ M UMAIR WARIS,M WARIS,15000
1090200040,2020-GCUF-059269,8/11/2021,MAHNOOR,ABDUL KHALIQ,26000
1090200038,2020-GCUF-059255,8/11/2021,MUHAMMAD TAYYAB,ABDUL MAJEED,10000
1060600068,2018-GCUF-059626,8/11/2021,UREEBA RAFIQ,M RAFIQ,10000
1120200190,2020-GCUF-064246,8/11/2021,FARIA RIAZ,M RIAZ,14000
1070200062,2020-GCUF-064083,8/11/2021,HAFIZA NIMRA,M RAMZAN,7000
1080400058,2019-GCUF-057526,8/11/2021,SANA ARIF,M ARIF,10000
1080400073,2019-GCUF-057568,8/11/2021,AMINA,GHULAM HUSSAIN,10000
1060400120,2019-GCUF-059230,8/11/2021,MAHNOOR SABIR,M SABIR,10000
#N/A,#N/A,8/11/2021,Mahnoor Sabir,M SABIR,2333
1020600051,2018-GCUF-059332,8/11/2021,MUREED HASSAN,M NAZEER,5000
1020600045,2018-GCUF-059197,8/11/2021,NISHA,M IRSHAD,6500
#N/A,#N/A,8/11/2021,M HAMZA,M MUSHTAQ,20000
#N/A,#N/A,8/11/2021,#N/A,ABDUL GHAFOOR,20000
1030600063,2018-GCUF-075032,8/11/2021,SARMAD FAROOQ,M UMER FAROOQ,10000
1020600058,2018-GCUF-059243,8/11/2021,SYED UMER SHAH,SYED SHAFQAT,6400
1060600076,2018-GCUF-070182,8/11/2021,ABEERA FATIMA,ZULFIQAR ALI,20000
1110600008,2018-GCUF-066090,8/11/2021,AMNA,IFTIKHAR AHMAD,5000
1030400078,2019-GCUF-058712,8/11/2021,ABDULLAH TARIQ,M TARIQ,5000
1040800079,2017-GCUF-066728,8/11/2021,ZAINAB NAVEED KHAN,JAFFAR NAVEED KHAN,15000
1040800065,2017-GCUF-064371,8/11/2021,MEHBOOB AURANGZIB,AURANGZAIB,6000
1040800075,2017-GCUF-064340,8/11/2021,ADAM KHAWAJA,KHWAJA IDREES,5000
1070600004,2018-GCUF-059469,8/11/2021,M SHAHZAIB,SYED ABBAS ALI,6000
#N/A,#N/A,8/11/2021,KANWAL TAHIR,M RAFIQ,20000
1120200148,2020-GCUF-064101,8/11/2021,KANWAL TAHIR,M TAHIR SAEED,25000
1020600034,2018-GCUF-059337,8/11/2021,AYESHA,JAVED IQBAL,10000
1130600008,2018-GCUF-059370,8/11/2021,HAMMAD/ MUHAMMAD ASIF,AHMAD ALI,10000
1030400114,2019-GCUF-058779,8/11/2021,M ZUBAIR,M SULTAN,10000
#N/A,#N/A,8/11/2021,#N/A,M ANWAR,20000
1040800085,2017-GCUF-068067,8/11/2021,M. Abu Bakar Zamaz,M AZAM,44700
1080400089,2019-GCUF-057596,8/11/2021,KAINAT HANIF,M HANIF,12000
1100400049,2019-GCUF-057801,8/11/2021,ZOYA,GHULAM ALI,6000
#N/A,#N/A,8/11/2021,#N/A,M KHALID,20000
1040400189,2019-GCUF-058120,8/11/2021,MUHAMMAD SAQIB,RIAZ HUSSAIN,15000
1040400188,2019-GCUF-058121,8/11/2021,M. SHOAIB AZIZ,ABDUL AZIZI,15000
#N/A,#N/A,8/11/2021,Yasham Zuabair,ZUBAIR,2350
#N/A,#N/A,8/11/2021,ZOHAIB JAMIL,Sheikh azeem muhammad,3500
#N/A,#N/A,8/11/2021,FATIMA TUZ ZAHRA,M JAMIL,20000
#N/A,#N/A,8/11/2021,ALI RAZA,ARSHAD LATIF,20000
#N/A,#N/A,8/11/2021,NIMRA REHMAT,AYUB ALI,20000
#N/A,#N/A,8/11/2021,#N/A,REHMAT ALI,20000
1010400055,2019-GCUF-058891,9/11/2021,GHULAM MUSTAFA,MIRZA NASIR,7750
1020400065,2019-GCUF-058015,9/11/2021,ANOOSHA SHOUKAT,SHOUKAT ALI,50000
1010400035,2019-GCUF-058828,9/11/2021,M. TAHIR MUSTAFA,GHULAM MUSTAFA,9000
1020400077,2019-GCUF-058042,9/11/2021,ALI ZIA,M ASHRAF,25000
1090600016,2018-GCUF-070104,9/11/2021,ZAMAN ALI,ABDUL QAYYUM,5000
1040200273,2020-GCUF-059813,9/11/2021,M TALHA MAQSOOD,M AKRAM,18750
#N/A,#N/A,9/11/2021,#N/A,MAQSOOD AKHTAR,20000
1120200155,2020-GCUF-064108,9/11/2021,ASIF MEHMOOD QADRI,AMJAD ALI,18000
#N/A,#N/A,9/11/2021,#N/A,ALLAH DITTA,10000
1060200134,2020-GCUF-064492,9/11/2021,SYEDA LAIBA HUSSAIN,SYED AWAIS HUSSIAN,15000
1090400034,2019-GCUF-058348,9/11/2021,AFSHAN YASEEN,M YASEEN,12000
1120600063,2018-GCUF-059851,9/11/2021,MARYAM,M MIRAJ,8000
1020400068,2019-GCUF-058018,9/11/2021,AROZIA RAHMAT,REHMAT ALI,6250
1090600013,2018-GCUF-060940,9/11/2021,SHAHROZIA REHMAT,REHMAT ALI,3750
1020600055,2018-GCUF-059343,9/11/2021,SALMAN RAHMAT,REHMAT ALI,5000
#N/A,#N/A,9/11/2021,YUSRA IKRAM,QASIM HUSSAIN,2333
#N/A,#N/A,9/11/2021,ASHHER ANDRABI,MIRZA IKRAM MEHMOOD,0
#N/A,#N/A,9/11/2021,MOMINA NAFEES,M PERVAIZ,20000
#N/A,#N/A,9/11/2021,#N/A,NAFEES IBRAHIM,20000
1030200145,2020-GCUF-059489,9/11/2021,AMNA ALI,M ANWAR ZAIGHAM,12500
#N/A,#N/A,12/11/2021,#N/A,ALI SHER,20000
1050600006,2018-GCUF-073134,12/11/2021,NIMRA MUQAADDAS BHATTI,ANWAR KAMAL,3000
1090600004,2018-GCUF-060941,12/11/2021,MAHAM NOOR,GHULAM NABI,5000
1060200158,2020-GCUF-064546,12/11/2021,SABEEHA,ZULFIQAR ALI,29000
#N/A,#N/A,12/11/2021,#N/A,M HAFEEZ,20000
1080200134,2020-GCUF-064444,12/11/2021,SAIMA NASEER,NASEER AHMAD,31000
1040600142,2018-GCUF-060386,12/11/2021,M HUZAIFA TAUHEED,M SALEEM,10500
#N/A,#N/A,12/11/2021,#N/A,NAZIR AHMAD,20000
1030600039,2018-GCUF-060503,12/11/2021,HARIS NISAR,M IQBAL,7500
#N/A,#N/A,12/11/2021,SWAIRA FAREED,NISAR AHMAD KHAN,20000
#N/A,#N/A,12/11/2021,#N/A,M FAREED,20000
1100200105,2020-GCUF-063978,12/11/2021,SARDAR KHAN,DONA ,10000
#N/A,#N/A,12/11/2021,MARIUM MUKHTAR,M Ayub,6000
#N/A,#N/A,12/11/2021,#N/A,MUKHTAR MASIH,20000
#N/A,#N/A,12/11/2021,Samiullah,Aftab Iqbal,7000
#N/A,#N/A,12/11/2021,Ali Raza,M AYUB,0
1120600047,2018-GCUF-059758,12/11/2021,AYESHA MUZAFFAR,MUZAFFAR SARDAR,12500
1100600018,2018-GCUF-060096,12/11/2021,KHADIJA TUFAIL,M TUFAIL,6000
1080200137,2020-GCUF-064449,12/11/2021,SYED ALI KUMAIL BUKHARI,SYED SADIQ RAZA,0
1120200161,2020-GCUF-064123,12/11/2021,SHAHNAZ YOUNAS,SHAHID IQBAL,13000
#N/A,#N/A,12/11/2021,#N/A,YOUNAS MASIH,20000
1050400035,2019-GCUF-058478,12/11/2021,SAJID HUSSAIN,SABIR HUSSAIN,10000
1100600021,2018-GCUF-060041,12/11/2021,MUGHEES UL REHMAN,ABDUL QAYYUM,6000
1020600042,2018-GCUF-059214,12/11/2021,INZA JAVAID,TARIQ JAVAID,12000
1020600035,2018-GCUF-059321,12/11/2021,AYESHA IRSHAD,M IRSHAD,0
1090400019,2019-GCUF-058236,12/11/2021,AFZAAL ARSHAD,M GULZAR,4000
1090400018,2019-GCUF-058233,12/11/2021,MUHAMMAD AMIR,M AKRAM,4000
1010200090,2020-GCUF-059587,12/11/2021,CANCEL,M ARSHAD,10000
#N/A,#N/A,12/11/2021,#N/A,,0
#N/A,#N/A,12/11/2021,Nazish Iqbal,DAIM IQBAL,11665
#N/A,#N/A,12/11/2021,AHSAN ALI,LIAQAT ALI,14000
#N/A,#N/A,12/11/2021,#N/A,M ALI,20000
1080400094,2019-GCUF-057556,15/11/2021,MOMINA IRFAN,IRFAN SABIR,12500
1080600050,2018-GCUF-060642,15/11/2021,ZARAFSHAN,M AMJAD,7500
1120400099,2019-GCUF-057636,15/11/2021,AIZA RAFI,KHWAJA ABDUL RAFI,11000
1120400096,2019-GCUF-057633,15/11/2021,MARYAM,M NAEEM,10000
1120200163,2020-GCUF-064125,15/11/2021,LAIBA ANEES,M ANEES,14000
1040800127,2017-GCUF-064626,15/11/2021,Nimra Mehmood,,6000
1120200178,2020-GCUF-064188,15/11/2021,SANIA NADEEM,NADEEM ABBAS,14000
1120200156,2020-GCUF-064109,15/11/2021,ISHA AMEEN,ZAFAR ALI K HAN,16600
#N/A,#N/A,15/11/2021,HUMA NAWAZ,M AMEEN,20000
#N/A,#N/A,15/11/2021,RIMSHA,M NAWAZ,20000
#N/A,#N/A,15/11/2021,ZOYA YAQOOB,FAQIR HUSSAIN,20000
#N/A,#N/A,15/11/2021,HUSSNAIN ALI,M YAQOOB,20000
#N/A,#N/A,15/11/2021,#N/A,GHULAM HUSSAIN,20000
1050600001,2018-GCUF-073132,15/11/2021,AQSA ANAYAT ALI,ANAYAT ALI,3500
1060200135,2020-GCUF-075527,15/11/2021,BISMA RIAZ,RIAZ AHMAD,13750
1070400042,2019-GCUF-059087,15/11/2021,SAMEER REHAN,REHAN ALI,8500
1010400059,2019-GCUF-058905,15/11/2021,ABDUL HASEEB REHAN,REHAN ALI,7250
1060600062,2018-GCUF-059638,15/11/2021,RUSHDA RIAZ,M RIAZ,6000
1070400019,2019-GCUF-059022,15/11/2021,TASBIHA ALTAF,ALTAF HUSSAIN,10000
1080600036,2018-GCUF-060698,15/11/2021,MUHAMMAD SHAFIQ UR REHMAN,M ASLAM,8000
1120600080,2018-GCUF-059843,15/11/2021,SHUMAILA,M ASLAM,8000
#N/A,#N/A,15/11/2021,Muhammad Shafiq Ur Rehman,M ASLAM,3000
1060600041,2018-GCUF-059582,15/11/2021,EYESHA,M QADEER,3000
1060600071,2018-GCUF-069871,15/11/2021,HAFIZA IQRA AKRAM,M AKRAM,10000
1040600166,2018-GCUF-060183,15/11/2021,ZAINAB JAVED,M JAVED,10000
1100600035,2018-GCUF-060043,15/11/2021,SHAHEEN IQBAL,SHABIR HUSSIAN,6000
1100600008,2018-GCUF-060011,15/11/2021,ATTIA SHAHZADI,NASEEB ALI,6000
1090200049,2020-GCUF-059308,15/11/2021,SABAHAT ZAHRA,ABDUL NASIR,10000
1100200094,2020-GCUF-075536,15/11/2021,ZOHA SHAKOOR,ABDUL SHAKOOR,7000
1120600052,2018-GCUF-059824,15/11/2021,GULSHAN,M ASLAM,15000
1120600078,2018-GCUF-059828,15/11/2021,SABA JABEEN,M NAWAZ,8000
1120600094,2018-GCUF-070170,15/11/2021,IQRA SHABIR,SHABIR AHMAD,10000
1060600061,2018-GCUF-059599,15/11/2021,NIMRA YASIN,GHULAM YASEEN,10000
1020200091,2020-GCUF-064318,15/11/2021,M HAMDAN NAEEM,M NAEEM,11000
1040600187,2000-Demo-00000,15/11/2021,NASREEN E MUSTAFA,M NAEEM,6000
1100400073,2019-GCUF-057891,15/11/2021,GHULAM MUDASAR RAFIQ,SARDAR MUHAMMAD,8000
1100400071,2019-GCUF-057886,15/11/2021,NASRULLAH,MEHFOOZ UR REHMAN,6000
#N/A,#N/A,15/11/2021,Nasrullah,MEHFOOZ UR REHMAN,2300
1100200102,2020-GCUF-063985,15/11/2021,USAMA ARIF,M ARIF,10000
1060400110,2019-GCUF-059190,15/11/2021,MAHPARA,M ANWAR,10000
1120600074,2018-GCUF-059747,15/11/2021,NOOR UL FAJR AKRAM,M AKRAM,10000
1120600088,2018-GCUF-069887,15/11/2021,KASHAF ASGHAR,ALI ASGHAR,10000
1120600060,2018-GCUF-059819,15/11/2021,MARIYAM,GHULAM RASOOL,8000
1040600147,2018-GCUF-060224,15/11/2021,ZAIN UL HASSAN,GHULAM QADIR,18000
1040600140,2018-GCUF-060229,15/11/2021,RIMSHA SHAHID,M SHAHID,18600
1060600081,2018-GCUF-070186,15/11/2021,SAMINA KOUSAR,HAFIZ M BILAL,3000
1100600043,2018-GCUF-059970,15/11/2021,USAMA NIAZ,NIAZ AHMAD,1500
1100600022,2018-GCUF-073151,15/11/2021,MUHAMMAD ADEEL,ABDUL HAMEED,1500
1030400110,2019-GCUF-069510,15/11/2021,MUHAMMAD HASAN RAZA QADRI,ZULFIQAR BASHIR,21000
1120600081,2018-GCUF-059837,15/11/2021,SHUMAILA AMEEN,M AMEEN,10000
#N/A,#N/A,15/11/2021,Rubaa Afzaal Butt,M AFZAL BUTT,2333
1030200127,2020-GCUF-064277,15/11/2021,ATIF IDREES,M ALEEM,7500
1030200155,2020-GCUF-059521,15/11/2021,ATIF IDREES,M IDREES,20000
1120200172,2020-GCUF-064157,15/11/2021,JAWAIRYA RAFIQ,M RAFIQ,9500
1080400075,2019-GCUF-057570,15/11/2021,M. USMAN AMJAD,M AMJAD,25625
1060600037,2018-GCUF-059560,15/11/2021,LAIBA AZIZ,M AHMAD,9000
#N/A,#N/A,15/11/2021,CANCEL,ABDUL AZIZ,20000
#N/A,#N/A,15/11/2021,#N/A,,0
1020600033,2018-GCUF-059249,15/11/2021,AREEJ BUKHTYAR,ABID HUSSIAN,6000
1070400026,2019-GCUF-059034,15/11/2021,USAMA ABID,ABID HUSSIAN,9000
1040200255,2020-GCUF-059750,15/11/2021,HAMZA IJAZ,MAQBOOL AHMAD,12000
#N/A,#N/A,15/11/2021,#N/A,IJAZ SOHAIB,20000
1040600156,2018-GCUF-060232,15/11/2021,KAINAT ISRAR,ISRAR UL HAQ,10000
#N/A,#N/A,15/11/2021,Kainat,ISRAR UL HAQ,2333
1120400131,2019-GCUF-057736,15/11/2021,LAIBA GHAFFAR,ABDUL GHAFFAR,750
1060200136,2020-GCUF-064564,15/11/2021,EYSHA JAVED,M TEHSEEN,15000
1050200087,2020-GCUF-059427,15/11/2021,AROOSA  REHMAN,ABDUL REHMAN,6000
1110200091,2020-GCUF-059141,15/11/2021,SNOVIA ARFAN,RAJA IRFAN,7000
1120200150,2020-GCUF-064102,15/11/2021,HAFIZA HIJAB REHMAN,QAZI SAJID MEHMOOD,7500
1110200120,2020-GCUF-064311,15/11/2021,SHAHRUKH FARRUKH,RANA FARUKH,6750
1040800090,2017-GCUF-064362,15/11/2021,Tabinda Jabeen Ghaffar,,7100
1110200094,2020-GCUF-064310,15/11/2021,TAYYABA ISHAQ,M ISHAQ,8500
1040600135,2018-GCUF-060214,15/11/2021,AYESHA SADIQ,M SUBA SADIQ,13200
1040800095,2017-GCUF-064399,15/11/2021,Tania Raees,,8000
1110200075,2020-GCUF-075545,15/11/2021,AROOJ ZAFAR,ZAFAR IQBAL,6000
1030600037,2018-GCUF-060572,15/11/2021,HASSAN ASGHAR,M ASGHAR,7500
1110400024,2019-GCUF-058568,15/11/2021,MUHAMMAD WASEEM,GHULAM RASOOL,11000
1040600162,2018-GCUF-060141,15/11/2021,RIMSHA SAFDAR,SAFDAR HUSSAIN,13400
1040600174,2018-GCUF-060288,15/11/2021,LAIBA MAZHAR,M MAZHER,10000
1020600046,2018-GCUF-074963,15/11/2021,MUHAMMAD RAMZAN,FARMAN ALI,6000
#N/A,#N/A,15/11/2021,Bahar-E-Bareera,RAJA ZAFAR,2000
1060200173,2020-GCUF-075573,15/11/2021,SAIRA,ILYAS MASIH,23000
1060200167,2020-GCUF-064555,15/11/2021,AREEBA MASROOR,MALIK MASROOR,12450
1040600177,2018-GCUF-071724,15/11/2021,LAIBA IBRAHIM,FAISAL NAVEED,13000
#N/A,#N/A,15/11/2021,#N/A,M IBRAHIM,20000
1110200080,2020-GCUF-064307,15/11/2021,MUHAMMADA TEHSIN ANWAR,M ANWAR,14000
1080400077,2019-GCUF-057575,15/11/2021,KAMRAN RAMZAN,M RAMZAN,10000
1050200059,2020-GCUF-059333,15/11/2021,MAIRA JUNAID,JUNAID,6250
1080400087,2019-GCUF-057593,15/11/2021,FAIZA RAFIQUE,M RAFIQUE,12000
1070600007,2018-GCUF-059498,15/11/2021,KAUSAR,FARYAD,5000
1070600002,2018-GCUF-059500,15/11/2021,ABIDA MAQBOOL,MAQBOOL HUSSIAN,6000
1130400016,2019-GCUF-058804,15/11/2021,WISHWAH SHAKIR,SHAKIR,9750
1010400060,2019-GCUF-058910,15/11/2021,MUHAMMAD YOUNAS,M HUSSAIN,5000
1010400052,2019-GCUF-058876,15/11/2021,BILAL SHAHZAD,ALLAH BAKHSH,13000
1010400032,2019-GCUF-058821,15/11/2021,ROOMA SHABBIR,SHABIR,10000
1070400027,2019-GCUF-059038,15/11/2021,M. SOHAIB FAISAL,FAISAL FAROOQ,18600
1010600017,2018-GCUF-060755,15/11/2021,MUHAMMD LUQMAN ALI,MUKHTAR AHMAD,10000
1110600012,2018-GCUF-066100,15/11/2021,HUNAIN ARSHAD,ARSHAD ALI,5000
1050400057,2019-GCUF-069447,15/11/2021,MUHAMMAD AJMAL,ALLAH RAKHA,12500
1060600055,2018-GCUF-059509,15/11/2021,MARYAM ABBAS,M ABBAS,10000
1100600016,2018-GCUF-059991,15/11/2021,IMRAN AJMAL,M AJMAL,13000
1010600015,2018-GCUF-060782,15/11/2021,HAMZA IQBAL,M IQBAL,5000
1110400026,2019-GCUF-058570,15/11/2021,MUSHARFA HAQ,ABDUL HAQ,10000
1100600009,2018-GCUF-060092,15/11/2021,BISMAH SAJJAD,SAJJAD HAFEEZ,5000
1010600020,2018-GCUF-060764,15/11/2021,TALHA MAQBOOL,M MAQBOOL,6500
1010600012,2018-GCUF-060757,15/11/2021,ALISHBA SHAHID,SHAHID HUSSAIN,5000
1090600011,2018-GCUF-060945,15/11/2021,MUHAMMAD ZUBAIR,M KHALIL,5000
1090600010,2018-GCUF-077495,15/11/2021,MUHAMMAD YOUSAF,MEHBOOB ALI,5000
1020600025,2018-GCUF-059228,15/11/2021,ALEENA FAROOQ,FAROOQ ANWAR,12375
#N/A,#N/A,15/11/2021,Aleena Farooq,FAROOQ ANWAR,2333
1020600041,2018-GCUF-059202,15/11/2021,HUZAIRAH ABDUR REHMAN,ABDUL REHMAN,5000
1100400066,2019-GCUF-057865,15/11/2021,SAIM JAVED,ARIF JAVED,30000
1050200078,2020-GCUF-059416,15/11/2021,ALLAH DITTA,SHABBIR AHMAD,6000
#N/A,#N/A,15/11/2021,#N/A,GOHAR ALI,20000
1090400029,2019-GCUF-058339,15/11/2021,RAHMAN ZADA,ARIF JAVED,10500
#N/A,#N/A,15/11/2021,RAHMAN ZADA,MISKEEN,20000
#N/A,#N/A,15/11/2021,#N/A,MISKEEN,15000
1040200240,2020-GCUF-059699,15/11/2021,NIMRA MANZOOR,M RAFIQUE,0
#N/A,#N/A,15/11/2021,AUSAF ALI,MANZOOR HUSSAIN,20000
#N/A,#N/A,15/11/2021,M ZAHID ABDULLAH,SYED FALAK SHER,15000
#N/A,#N/A,15/11/2021,#N/A,TAHIR UZ ZAMAN,10000
1080600026,2018-GCUF-074068,15/11/2021,HAMZA MADNI,ABDUL MAJEED,5000
1080600030,2018-GCUF-060748,15/11/2021,SHAHZAD KHADIM,M SHAHBAZ,5000
#N/A,#N/A,15/11/2021,#N/A,KHADIM HUSSAIN,20000
1040400230,2019-GCUF-058210,15/11/2021,MUHAMMAD ABUBAKER TARIQ,TARIQ BILAL,18000
1030600030,2018-GCUF-060476,15/11/2021,ALI HASSAN IMRAN,MALIK IMRAN,8475
1030600062,2018-GCUF-060451,15/11/2021,SAQLAIN HAIDAR,M SHAREEF,5000
1040600175,2018-GCUF-071708,15/11/2021,AMNA WAJAHAT,WAJAHAT ALI,10000
1040600178,2018-GCUF-071729,15/11/2021,M OSAMA,NADEEM AKBAR,23500
#N/A,#N/A,15/11/2021,RUTBA JAVED,SHAFAQAT ALI,20000
#N/A,#N/A,15/11/2021,ARISH WARIS,JAVED IQBAL,20000
#N/A,#N/A,15/11/2021,KASHAF ALI,WARIS KHOKHAR,15000
#N/A,#N/A,15/11/2021,KHIZAR HAYAT,JAMIL AHMAD,15000
#N/A,#N/A,15/11/2021,MUZAMMIL HUSSAIN,ZAFAR IQBAL,20000
#N/A,#N/A,15/11/2021,#N/A,ABDUL GHAFFAR,20000
1030600066,2018-GCUF-060490,15/11/2021,ALI IBRAHIM,M JAMIL,8000
#N/A,#N/A,15/11/2021,SEERAT ILYAS,SHARAFAT ALI,19000
#N/A,#N/A,15/11/2021,#N/A,M ILYAS,20000
1040600153,2018-GCUF-060211,16/11/2021,BEELUM OMER,MULAZIM HUSSAIN,10000
1040600154,2018-GCUF-060209,16/11/2021,SANA RAHAT,RAHAT TASLEEM,11850
1120200183,2020-GCUF-064226,16/11/2021,M UMAR FAROOQ,ABID MOHI UD DIN,15000
#N/A,#N/A,16/11/2021,YASEEN AHMAD,M RAMZAN,15000
#N/A,#N/A,16/11/2021,#N/A,IMTIAZ AHMAD,15000
1080200131,2020-GCUF-064434,16/11/2021,SAHIRA YASIN,M YASIN,13000
1030400111,2019-GCUF-058775,16/11/2021,AHSAN SHOUKAT,SHOUKAT ALI,13000
1020600043,2018-GCUF-059247,16/11/2021,KHADIJA SANAULLAH CHAUHDARY,SANA ULLAH,6000
1080200123,2020-GCUF-064432,16/11/2021,HAFIZ HAMZA,PERVAIZ AHMAD,12000
1010600018,2018-GCUF-060775,16/11/2021,NOMAN ALI,ABDUL HAFEEZ,5000
1090200039,2020-GCUF-059265,16/11/2021,MUHAMMAD USMAN,MUHAMMAD MUSHTAQ,4000
1090600012,2018-GCUF-060943,16/11/2021,SALMAN SHOUKAT,SHOUKAT ALI,5000
1060200168,2020-GCUF-064556,16/11/2021,M USMAN KHAN,M ASLAM KHAN,15000
1040600167,2018-GCUF-060372,16/11/2021,BISMA ASLAM,M.ASLAM,6000
1070200067,2019-GCUF-073480,16/11/2021,REHAN,KHURSHEED AHMAD,10000
1080600035,2018-GCUF-074069,16/11/2021,MUHAMMAD NABEEL,MUHAMMAD HAFEEZ,7000
1010400065,2019-GCUF-058916,16/11/2021,HIRA TAHIR,MUHAMMAD TAHIR HUSSAIN,5000
1010400040,2019-GCUF-058845,16/11/2021,FIZA ABID,M. ABID KHAIR DIN,8400
1080600039,2018-GCUF-060691,16/11/2021,NIDA MAHMOOD,MAHMOOD KHAN,17500
1040600129,2018-GCUF-060173,16/11/2021,RABIA ASHRAF,MUHAMMAD ASHRAF,12000
1020400071,2019-GCUF-058024,16/11/2021,FARHAN AFZAL,MUHAMMAD AFZAL,15000
1120200152,2020-GCUF-064105,16/11/2021,MUNTAHA,MUNIR ANJUM,11650
1080200116,2020-GCUF-064425,16/11/2021,SUMAIRA ABDUL GHUFAR,ABDUL GHUFAR,11200
1070400048,2019-GCUF-059096,16/11/2021,ROMAN AHMAD,SAIFURREHMAN,20000
1110600016,2018-GCUF-066106,16/11/2021,MAHNOOR MUNIR,MUNIR AHMAD GHAURI,0
1110600007,2018-GCUF-066065,16/11/2021,AIDA,MUHAMMAD NAVEED SADIQ,5000
1090200046,2020-GCUF-059305,16/11/2021,SADAF ,ABDUL MAJEED,5000
1020200093,2020-GCUF-075546,16/11/2021,QASIM,ASIF KHAN,10000
1040600164,2018-GCUF-060165,16/11/2021,ANAM ABID,M.ABID,12000
1070600005,2018-GCUF-059472,16/11/2021,ANEES KHAN,SHAHADAT KHAN,0
1110400072,2019-GCUF-077491,16/11/2021,SYEDA AROOJ FATIMA,SYED MAQSOOD ALI SHAH,5000
1020600044,2018-GCUF-059306,16/11/2021,KIRAN SHAHZADI,MUHAMMAD AKRAM,6000
1010200086,2020-GCUF-059575,16/11/2021,ANUM AZIZ,ROUF AZIZ,0
1060600070,2018-GCUF-059646,16/11/2021,WAJIHA SHABAN,MUHAMMAD SHABAN,6500
1060400097,2019-GCUF-059127,16/11/2021,WAFEERA,MOAZZAM ALI,12000
1120200147,2020-GCUF-064100,16/11/2021,IQRA FATIMA,AMJAD MEHMOOD,9000
1070400040,2019-GCUF-059076,16/11/2021,MUHAMMAD FAHEEM,ABDUL SATTAR,18000
1080600029,2018-GCUF-060638,16/11/2021,CHAUDHRY NABEEL,FAROOQ AHMAD,7500
#N/A,#N/A,16/11/2021,SHEEZA ABDUL JABBAR,M ISHAQ,20000
#N/A,#N/A,16/11/2021,#N/A,ABDULJABBAR,20000
1030200139,2020-GCUF-059487,16/11/2021,MIRAJ HUSSAIN,GULSHAD NAEEM,20000
#N/A,#N/A,16/11/2021,#N/A,WAZIR MUHAMMAD,20000
1060200157,2020-GCUF-064544,16/11/2021,FAREEHA ZAFAR,M ZAFAR,17000
1030400087,2019-GCUF-058731,16/11/2021,UMAIS RAJA,MUHAMMAD MUNEER,11300
1030400088,2019-GCUF-058732,16/11/2021,HAMAAD NIAZ,MUHAMMAD NIAZ,9500
1030600053,2018-GCUF-060501,16/11/2021,TALHA SADIQUE,GHULAM MUHAMMAD,0
#N/A,#N/A,16/11/2021,#N/A,M SARFARAZ,20000
1030600067,2018-GCUF-060529,16/11/2021,UZWA ARIF,ARIF HUSSAIN,7200
1030600056,2018-GCUF-060446,16/11/2021,NAIMA UMAIR,UMAIR MANSOOR,8000
1100200097,2020-GCUF-063958,16/11/2021,M HUSNAIN,M ASHIQ,20000
1110200103,2020-GCUF-059091,16/11/2021,AHMAD RAZA,IRSHAD ASIF,5000
1040600133,2018-GCUF-060145,16/11/2021,MARYAM ARSHAD,CH.M.ARSHAD,10500
1040600136,2018-GCUF-060378,16/11/2021,AWAIS ALI,CH.M.NAEEM,13200
#N/A,#N/A,16/11/2021,#N/A,ABDUL GHAFOOR,20000
1120600085,2018-GCUF-059742,16/11/2021,YASIR NAZIR,NAZIR AHMAD,4000
1080400093,2019-GCUF-057607,16/11/2021,FIZA FIAZ,FIAZ AHMAD,10000
1090600001,2018-GCUF-060931,16/11/2021,AQSA MUQADIS,MUHAMMAD YASIN AHMAD,4000
1100600037,2018-GCUF-059922,16/11/2021,SOHAIB TAHIR,MUHAMMAD TAHIR,11000
1020200087,2020-GCUF-059162,16/11/2021,M ADNAN MUSHTAQ,MUSHTAQ AHMAD,9000
1070200054,2020-GCUF-064001,16/11/2021,ALI IBRAHIM,NADEEM KHAN,10000
#N/A,#N/A,16/11/2021,#N/A,SHARAFAT ALI,1000
1130600011,2018-GCUF-059376,16/11/2021,USMAN FAROOQ,MUHAMMAD FAROOQ,8500
1020600037,2018-GCUF-059207,16/11/2021,FAREEHA,MUHAMMAD ABDUL QADIR SUFI,5000
1100600046,2018-GCUF-069860,16/11/2021,BABER SALEEM,MUHAMMAD SALEEM,7500
1040800091,2017-GCUF-064393,16/11/2021,Kiran Samdhani,0,15000
1100400077,2019-GCUF-057902,16/11/2021,SYEDA ZARMEEN NAQVI,SYED MUKARAM ALI SHAH,13000
1060400082,2019-GCUF-069501,16/11/2021,IQRA BIBI,DILAWAR ALI,1900
1060400115,2019-GCUF-059198,16/11/2021,AROOJ FATIMA,MUHAMMAD SHABBIR,16000
1020600039,2018-GCUF-059230,16/11/2021,HAFIZA IQRA ARSHAD,MUHAMMAD ARSHAD,5250
1020600052,2018-GCUF-059325,16/11/2021,NEELAM FAYYAZ,MIRZA FAYYAZ BAIG,6000
1020600036,2018-GCUF-059303,16/11/2021,EISHA KHALID,KHALID MEHMOOD,10000
1020600038,2018-GCUF-059300,16/11/2021,FIZA BATOOL,RIASAT ALI,10000
1030600044,2018-GCUF-060524,16/11/2021,MUHAMMAD AHMAD RAZA,ARSHAD IQBAL,8000
1080200113,2020-GCUF-064420,16/11/2021,M LUQMAN,KHUDA BUX,10000
1080200110,2020-GCUF-064422,16/11/2021,MEERAB TAYYAB,TAYYAB FAKHAR,11000
1090600006,2018-GCUF-060934,16/11/2021,TAIBA ASGHAR,MUHAMMAD SHAMOUN ANJUM,5000
#N/A,#N/A,16/11/2021,#N/A,ASGHAR ALI,20000
1070400030,2019-GCUF-059045,17/11/2021,SAWERA AREEJ,MAHMOOD ASGHAR,11750
1070400039,2019-GCUF-059074,17/11/2021,MUHAMMAD SAFEER,MUHAMMAD KHALID JAVAID,9500
1080200100,2020-GCUF-064413,17/11/2021,LAIBA NAWAZ,M NAWAZ,15000
1040600163,2018-GCUF-060124,17/11/2021,MARIAM ANWAR,M.ANWAR UL HAQ,11000
1110200076,2020-GCUF-064306,17/11/2021,HIRA RIAZ,M RIAZ,0
1110200076,2020-GCUF-064306,17/11/2021,HIRA RIAZ,M RIAZ,7000
1040600137,2018-GCUF-060159,17/11/2021,SUBHAN ALI,SARFARAZ,10000
1040800128,2017-GCUF-066920,17/11/2021,Baderka Faryad,0,10000
1040400220,2019-GCUF-058194,17/11/2021,AYESHA REHMAN,ABDUL REHMAN QURESHI,12380
1040200239,2020-GCUF-059697,17/11/2021,MARYAM ISLAM,M ISLAM,16500
1040400207,2019-GCUF-058152,17/11/2021,GHULAM FATIMA,MUHAMMAD FAYYAZ BHATTI,16750
1110400032,2019-GCUF-058576,17/11/2021,KHIZRA,MUHAMMAD FAYYAZ BHATII,5000
1040600143,2018-GCUF-060226,17/11/2021,TOOBA NAWAZ,NAWAZ,10500
1040800117,2017-GCUF-066886,17/11/2021,Anam Yousaf ,0,10000
1040600185,2018-GCUF-078482,17/11/2021,NOOR-E-EMAN,Abid Riaz,7000
1110400059,2019-GCUF-058694,17/11/2021,BISMA KHAN,ABID JAMEEL KHAN,6000
1040400197,2019-GCUF-058136,17/11/2021,SYEDA TUBA ZAHRA ZADI,SYED TALIB HUSSAIN ZADI,24000
1040400212,2019-GCUF-058170,17/11/2021,SANA MUSHTAQ,MUHAMMAD MUSHTAQ,28875
1080600040,2018-GCUF-060665,17/11/2021,REHMAT ULLAH,WAHID BAKSH,8000
1120200154,2020-GCUF-064107,17/11/2021,EMAN SHAHZADI,MAHMOOD AHMAD,17750
1120200149,2020-GCUF-064103,17/11/2021,AIMA,M MUSHTAQ,21000
#N/A,#N/A,17/11/2021,Sana Mushtaq,Muhammad Mushtaq,2175
1020600056,2018-GCUF-059339,17/11/2021,SHAHID HASSAN,MUHAMMAD TARIQ,5500
1050200069,2020-GCUF-059363,17/11/2021,HANSA IFTIKHAR,SYED IFTIKHAR SHERAZ,6750
1120600065,2018-GCUF-059834,17/11/2021,MEHRAN ALBRT NASIR,NASIR MASIH,12300
1080600024,2018-GCUF-060649,17/11/2021,FARVA BATOOL,TARIQ HUSSAIN,5000
1010600014,2018-GCUF-060784,17/11/2021,GHULAM ABBAS,ABDUL KARIM ZAFFAR,5000
1100600047,2018-GCUF-060086,17/11/2021,MUHAMMAD JAZAB,ARSHAD ALI,6000
1070200056,2020-GCUF-064064,17/11/2021,KALEEM ULLAH,ZAFAR ULLAH,7500
1010200089,2020-GCUF-059580,17/11/2021,ADEEL AJAZ,M AJAZ,20000
1050400055,2019-GCUF-061978,17/11/2021,MUHAMMAD WASEEM,GHULAM ABBAS,10500
1050400052,2019-GCUF-058553,17/11/2021,MUHAMMAD AMIR,MUHAMMAD LIAQUAT,12500
1050400020,2019-GCUF-058436,17/11/2021,ZAHRA BASHIR,BASHIR AHMAD,5000
1040600173,2018-GCUF-060147,17/11/2021,KOMAL ALLAH DITTA GONDAL,ALLAH DITTA,13870
1040600130,2018-GCUF-060259,17/11/2021,TAMIA ALI,RIAZ ALI ,9800
1100400056,2019-GCUF-057839,17/11/2021,MUHAMMAD ZAHID RAMZAN,MUHAMMAD RAMZAN,6000
1100400050,2019-GCUF-057804,17/11/2021,USAMA BIN HAKIM,HAKIM ALI,4000
1040400190,2019-GCUF-058124,17/11/2021,M TOSEEF,ZIA-UL-HAQ,15000
#N/A,#N/A,17/11/2021,MAHA BATOOL,M SIDDIQ,20000
#N/A,#N/A,17/11/2021,#N/A,SYED ATA MUHAMMAD,20000
1080600046,2018-GCUF-060680,17/11/2021,USAMA ALI,MAQBOOL AHMAD,8000
1100400060,2019-GCUF-057848,17/11/2021,ARSHIA,MUHAMMAD ALEEM,8000
1090600003,2018-GCUF-060929,17/11/2021,KINZA ISLAM,NASEEM-UL-GHANI,4000
1130400022,2019-GCUF-058809,17/11/2021,UROOJ SHAHID,SHAHID NAWAZ,5000
1070400046,2019-GCUF-077485,17/11/2021,SHANZAH KANWAL,MUHAMMAD YOUNAS,6000
1060600060,2018-GCUF-059585,17/11/2021,NAMRA,MUHAMMAD AMJAD JUTT,10000
1110200100,2020-GCUF-075520,17/11/2021,ZAIB NAEEM,M NAEEM,10000
1050200090,2020-GCUF-064298,17/11/2021,ZOHRA IRFAN,IRFAN UR REHMAN,15000
1050200067,2020-GCUF-059357,17/11/2021,ANSA,M RAZA,7000
#N/A,#N/A,17/11/2021,#N/A,RASHEED AHMAD,20000
1040800111,2017-GCUF-066911,17/11/2021,Muhammad Bilal,0,5000
1040800071,2017-GCUF-064348,17/11/2021,ANSA TARIQ,0,10000
1090200045,2020-GCUF-059301,17/11/2021,MISHAL ASJAD,ABDUL RASHEED,14000
#N/A,#N/A,17/11/2021,AIZA TARIQ,MIAN M ASJAD,20000
#N/A,#N/A,17/11/2021,#N/A,TARIQ JAMEEL,20000
1030200146,2020-GCUF-059504,17/11/2021,SADIA FAREED,M ARSHAD,0
#N/A,#N/A,17/11/2021,#N/A,GHULAM FAREED,15000
1050600007,2018-GCUF-074005,18/11/2021,QAIBA ARIF,MUHAMMAD ARIF,5000
1020200092,2020-GCUF-059166,18/11/2021,IBRAR RAZA,MUSHTAQ ALI,20000
1030600035,2018-GCUF-060579,18/11/2021,HAMZA ABDUL MANAN,ABDUL MANAN,8000
1120200166,2020-GCUF-064132,18/11/2021,MARIA MUKHTAR,MUKHTAR AHMAD,10000
1080600022,2018-GCUF-060736,18/11/2021,CH. MUHAMMAD SHARJEEL,CH. MUHAMMAD KALEEM,8000
1110200093,2020-GCUF-059072,18/11/2021,MAHWISH SAGHEER,M SAGHEER,14000
1100600024,2018-GCUF-059995,18/11/2021,MUHAMMAD ASIF,MUHAMMADF AKRAM TABASUM,7000
1010400046,2019-GCUF-058862,18/11/2021,HAFSA KHALID,KHALID MAQSOOD,12000
1060200132,2020-GCUF-064512,18/11/2021,MEMOONA RASHEED,CH ABDUL RASHEED,11000
1110400070,2019-GCUF-077493,18/11/2021,AIMUN AZIZ TOOR,ABID AZIZ TOOR,7050
1050400032,2019-GCUF-058469,18/11/2021,AFIA KHALID,KHALID ZIA,12000
1050400056,2019-GCUF-069451,18/11/2021,MAHAM MUNIR,MUNIR AHMAD,10000
1030600060,2018-GCUF-060508,18/11/2021,RIZWAN,YASIN,10000
1060600054,2018-GCUF-059631,18/11/2021,MALKA-E-ALIA,MUNEER HUSSAIN,4000
1070400031,2019-GCUF-059046,18/11/2021,AMMAR ASIF,MUHAMMAD ASIF,15000
1050600016,2018-GCUF-073139,18/11/2021,ANEEQA HASSAN,MIAN HASSAN ALI,4250
1100600039,2018-GCUF-073497,18/11/2021,SYED HUSSAIN ALI SHAH,SYED MUHAMMAD SAJIDIN,8000
1110200111,2020-GCUF-059105,18/11/2021,AISHA ASHFAQ,ASHFAQ AHMAD,5000
1110200107,2020-GCUF-059094,18/11/2021,TUBA NAEEM,NAEEM YOUSAF,5000
1110200110,2020-GCUF-059102,18/11/2021,MARYAM QAYYUM,ABDUL QAYYUM,10000
1080400088,2019-GCUF-057595,18/11/2021,HAFSA MUSLIM,NOOR UL ISLAM KHAN,10000
1020400061,2019-GCUF-058010,18/11/2021,HAFIZ TASADUQ HUSSAIN,MUHAMMAD ASHFAQ,31000
1020600026,2018-GCUF-059234,18/11/2021,ALIA SHARIF,MUHAMMAD SHARIF,6000
1110400066,2019-GCUF-058704,18/11/2021,EMAAN SHAHID,SHAHID RASHEED,28000
1020600032,2018-GCUF-059220,18/11/2021,AREEJ,MOHSIN ALI,6500
1070400047,2019-GCUF-059095,18/11/2021,ZAKAWAT ALI KHAN,ZULFIQAR ALI KHAN,15000
1110400035,2019-GCUF-058579,18/11/2021,AMNA ARIF,ARIF BHATTI,6200
1040600160,2018-GCUF-060168,18/11/2021,HIRA NAZAR,NAZAR HUSSAIN,10100
1130400017,2019-GCUF-069734,18/11/2021,AHMED ALI,MUHAMMAD BOOTA,8900
1040800070,2017-GCUF-064350,18/11/2021,MARYAM SIDDIQUI,M YOUSAF SIDDIQUE,10500
1100200096,2020-GCUF-063955,18/11/2021,UZMA RIAZ,M RIAZ,20000
1060200141,2020-GCUF-064531,18/11/2021,USAMA MEHBOOB,MALIK MEHBOOB UR REHMAN,13000
1100600017,2018-GCUF-073154,18/11/2021,JAWERIA NADEEM,NADEEM KHAN,6500
1080200145,2020-GCUF-075588,18/11/2021,MIRZA M USMAN BAIG,M BILAL BAIG,10000
1050200072,2020-GCUF-059372,18/11/2021,SYEDA ZAHRA QAISER,M USMAN,6400
#N/A,#N/A,18/11/2021,ANMOL AFZAL,SYED QAISER ABBAS,20000
#N/A,#N/A,18/11/2021,MARIA,M AFZAL,20000
#N/A,#N/A,18/11/2021,#N/A,M AMIN,20000
1080400096,2019-GCUF-057617,18/11/2021,SANA NOOR,NOOR ELAHI,15000
1070600008,2018-GCUF-059457,18/11/2021,MUHAMMAD ISHFAQ,MUHAMMAD QASIM,7000
1110200098,2020-GCUF-059080,18/11/2021,HAMMAD YOUSAF,M YOUSAF,6750
1130400014,2019-GCUF-058801,18/11/2021,FARASAT ALI,NISAR AHMED,10000
1040400222,2019-GCUF-058198,18/11/2021,SYED MASHAD RAZA,MUHAMMAD AKBAR,30000
#N/A,#N/A,19/11/2021,#N/A,SYED M SABTAIN SHAH,20000
1120600040,2018-GCUF-059766,19/11/2021,AMINA TARIQ CHAUDHARY,TARIQ MEHMOOD CHAUDHARY,10000
1120600048,2018-GCUF-059754,19/11/2021,AYESHA SHAHZADI,LIAQAT ALI,8500
1060200149,2020-GCUF-064537,19/11/2021,RIMSHA NAZ,MAQSOOD ANWAR,15000
1010200094,2020-GCUF-059602,19/11/2021,SAAD,M ASHFAQ,13000
1120600049,2018-GCUF-073664,19/11/2021,FAKHRH HANIF,MUHAMMAD HANIF,9000
1110400063,2019-GCUF-058699,19/11/2021,FIZA ABDI,ABID ALI,14500
1120400122,2019-GCUF-057719,19/11/2021,IQRA KARIM,ABDUL KARIM SAJID,24000
1090600009,2018-GCUF-060947,19/11/2021,MUHAMMAD YOUSAF,MUHAMMAD AKRAM,4000
1050400044,2019-GCUF-058531,19/11/2021,ZOONISH YAQOOB,MUHAMMAD YAQOOB AL KHARI,10000
1050600018,2018-GCUF-070191,19/11/2021,AQSA SABIR,SABIR JAVED,2500
#N/A,#N/A,19/11/2021,Rizwan Kambir,Muhammad Kambir,7500
1120200158,2020-GCUF-064111,19/11/2021,YOUSRA KHURSHEED,KHURSHED AHMAD,0
1120400139,2019-GCUF-057751,19/11/2021,AYESHA NAWAZ,MUHAMMAD NAWAZ,20000
1060600054,2018-GCUF-059631,19/11/2021,MALKA-E-ALIA,MUNEER HUSSAIN,5000
1010400049,2019-GCUF-058871,19/11/2021,AHMAD SULTAN,SULTAN MAHMOOD,5000
1120600046,2018-GCUF-059764,19/11/2021,AYESHA KHALID,KHALID MAHMOOD,5000
1020600043,2018-GCUF-059247,19/11/2021,KHADIJA SANAULLAH CHAUHDARY,SANAULLAH CHAUHDARY,6000
1040200281,2020-GCUF-059826,19/11/2021,M UMAR SALEEM,M SALEEM,30000
1110200090,2020-GCUF-059139,19/11/2021,AMINA BIBI,ZULFIQAR ALI,9000
1110200114,2020-GCUF-059111,19/11/2021,ANS RAHEEL,RAHEEL JAVED,10000
1120600059,2018-GCUF-073649,19/11/2021,KIRAN,MUHAMMAD ASHRAF,12000
1120600042,2018-GCUF-059749,19/11/2021,MURAD SHAH,TARIQ MEHMOOD HOBAN,7300
#N/A,#N/A,19/11/2021,HAFIZ M ZAID,MUZAMIL SHAH,20000
#N/A,#N/A,19/11/2021,#N/A,ABDUL WAHEED,20000
1060600044,2018-GCUF-059649,19/11/2021,FIRDOUS KHADIM,KHADIM HUSSAIN,10000
#N/A,#N/A,19/11/2021,Jawad Bashir,Muhammad Bashir,3500
#N/A,#N/A,19/11/2021,RABIA BASRI,Arshad Parveez,7000
#N/A,#N/A,19/11/2021,MEMOONA IBRAR,M ISRAIL KHAN,20000
#N/A,#N/A,20/11/2021,HAFIZ M MUZAMMIL,IBRAR AHMAD,20000
#N/A,#N/A,20/11/2021,SAAD ULLAH TOOR,MUHAMMAD SIDDIQUE,20000
1010200072,2020-GCUF-059539,20/11/2021,RUBAB KHAN,M ASLAM TOOR,20000
#N/A,#N/A,20/11/2021,#N/A,M FARYAD KHAN,15000
1100600040,2018-GCUF-059919,20/11/2021,TALHA,MUHAMMAD RAMZAN,5000
1050600002,2018-GCUF-077494,22/11/2021,AYESHA MEHMOOD,MEHMOOD RASHID,0
1110200097,2020-GCUF-059078,22/11/2021,TOOBA FAYYAZ,M FAYYAZ,10000
1110200106,2020-GCUF-059092,22/11/2021,AYESHA JAMAL,M AKHTAR JAMAL,6750
1030200153,2020-GCUF-059518,22/11/2021,MARYAM ISRAR,M ISRAR,20000
1060400109,2019-GCUF-059188,22/11/2021,MUQADAS YAHYA,MUHAMMAD YAHYA AFZAL,10000
1050200074,2020-GCUF-059414,22/11/2021,ZAIBA TAHIRA,M SHAFIQ,30000
1060600059,2018-GCUF-059581,22/11/2021,MUQADDAS AFZAL,MUHAMMAD AFZAL MALIK,12000
1050200058,2020-GCUF-059331,22/11/2021,MAHNOOR RASHEED,CH ABDUL RASHEED,7000
1040400194,2019-GCUF-077411,22/11/2021,NOOR FATIMA,HUMAYOUN QURESHI,27000
1060400123,2019-GCUF-059239,22/11/2021,ANMOL FATIMA,ARSHAD MAHMOOD,10000
#N/A,#N/A,22/11/2021,Hudabia Naeem,Muhammad Naeem,2333
1110200105,2020-GCUF-059093,22/11/2021,ALEEZA ASHFAQ,M ASHFAQ,10000
#N/A,#N/A,22/11/2021,Muhammad Azeem Ramzan,Muhammad Ramzan,3500
1060400125,2019-GCUF-059244,22/11/2021,YASHAM ZUBAIR,ZUBAIR IQBAL,26500
1120600055,2018-GCUF-059795,22/11/2021,IMAN AZHAR,AZHAR MAHMOOD,16000
1100600020,2018-GCUF-059923,22/11/2021,MOHSIN ARSHAD,MUHAMMAD ARSHAD,13000
1010400048,2019-GCUF-058868,22/11/2021,MUHAMMAD TABISH TANVEER,TANVEER AHMAD SAQIB,15000
1120600073,2018-GCUF-059752,22/11/2021,NIMRA ZOHAIB,ZOHAIB HASSAN,17500
1120600084,2018-GCUF-059872,22/11/2021,TOOBA TAHIR,MUHAMMAD TAHIR MEHMOOD,8000
1080400096,2019-GCUF-057617,22/11/2021,SANA NOOR,NOOR ELAHI,0
1040600132,2018-GCUF-060277,22/11/2021,M.FURQAN ,NAZIM ABBAS,42000
#N/A,#N/A,22/11/2021,Iqra ,Muhammad Arshad Faraz,2333
1040600155,2018-GCUF-060280,22/11/2021,SANA NASEER,NASEER AHMED,16000
1100400086,2019-GCUF-057993,22/11/2021,MUHAMMAD TANVEER,MUHAMMAD WARIS,5000
1100600027,2018-GCUF-059940,22/11/2021,MUHAMMAD SAFDAR HAYYAT,MUHAMMAD HAYYAT,8000
#N/A,#N/A,22/11/2021,Ayesha Saddiqa,Khalid Pervaiz Cheema,2000
1040800123,2017-GCUF-064625,22/11/2021,Arooba Fatima,0,5000
1030600045,2018-GCUF-060456,22/11/2021,MUHAMMAD AHMER,MUHAMMAD AHTISHAM,5000
1120400104,2019-GCUF-057662,22/11/2021,AHTASHAM AMJAD WAHEED,AMJAD WAHEED,10000
1120200180,2020-GCUF-064205,22/11/2021,KHADIJA AMJAD,AMJAD WAHEED,10000
1110200118,2020-GCUF-059128,22/11/2021,HAFSA SALMAN,M SALMAN,7000
1040400204,2019-GCUF-058148,22/11/2021,ROBEHA ARVEEJ,ASHFAQ AHMED,20000
1110400055,2019-GCUF-058686,22/11/2021,RABIA AZAM,MUHAMMAD AZAM KHAN,3000
1040600139,2018-GCUF-060208,22/11/2021,KAINAT,ANWAR ZADA,20000
1100400058,2019-GCUF-057844,22/11/2021,EMAN MUNIR,MUNIR AHMAD SIDDIQUI,22500
1010400038,2019-GCUF-058837,22/11/2021,NIMRA TAHIR,M. TAHIR,10000
1120400124,2019-GCUF-057721,22/11/2021,MUHAMMAD BILAL,MUHAMMAD ISHAQ,22500
1120400115,2019-GCUF-057698,22/11/2021,SHIZA ARIF,AMJAD ALI,10000
#N/A,#N/A,22/11/2021,HAMD BABAR,ARIF ALI,20000
#N/A,#N/A,22/11/2021,M NAUMAN,ZAHER UD DIN BABAR,20000
#N/A,#N/A,22/11/2021,#N/A,QURBAN ALI,20000
1110400053,2019-GCUF-058684,22/11/2021,UFFAQ IQBAL,MUHAMMAD IQBAL,5000
1080600028,2018-GCUF-060656,22/11/2021,KHADIJA JAVED,MUHAMAD JAVED,5000
1020600024,2018-GCUF-059331,22/11/2021,ABDUL REHMAN,MUHAMMAD IRSHAD,7500
1030200158,2020-GCUF-064291,22/11/2021,SAQIB KHAN ,ASHRAF NAWAZ KHAN,6000
1030200125,2020-GCUF-059468,22/11/2021,HUSSAIN ALI,FAZAL KARIM,20000
1030600041,2018-GCUF-060518,22/11/2021,KANWAL SHAHZADI,MUHAMMAD ANWAR,7000
1040200260,2020-GCUF-059766,23/11/2021,M ABDULLAH.,M RIAZ,10000
1040200250,2020-GCUF-059735,23/11/2021,SYED M HASEEB SHAH,SYED MUBARIK ALI,10000
1040200253,2020-GCUF-059744,23/11/2021,M HASSAN FAZAL,FAZAL KARIM,14000
1030200126,2020-GCUF-059470,23/11/2021,RIMSHA HANIF,HANIF MASIH,10000
1060200147,2020-GCUF-064536,23/11/2021,LAIBA,MUNIR HUSSAIN,11750
1080200108,2020-GCUF-064417,23/11/2021,MEHAK MUNIR,MUNIR AHMAD,10000
1110400029,2019-GCUF-058573,23/11/2021,IRHA MUBARAK,MUBARAK ALI,7000
1060600049,2018-GCUF-059650,23/11/2021,IRAJ FATIMA,TARIQ MAHMOOD,24500
1100400084,2019-GCUF-057987,23/11/2021,MUHAMMAD SHERAZ,SHAHZAD AHMAD,7500
1080200144,2020-GCUF-064481,23/11/2021,AHMAD ALI KHAN,HAIDER KHAN,20000
1010200095,2020-GCUF-059605,23/11/2021,AQSA RASHID,RASHID SIDDIQUI,19000
1110200117,2020-GCUF-059124,23/11/2021,LOVEEZA ISHAQ,ISHAQ,13500
1030400097,2019-GCUF-058752,23/11/2021,MUDASSER ALI,MUHAMMAD SAEED,18000
#N/A,#N/A,23/11/2021,#N/A,MUBARIK ALI,20000
1030600048,2018-GCUF-060602,23/11/2021,MUHAMMAD HAMZA,FAQEER BAKHSH,7000
1080600019,2018-GCUF-060675,23/11/2021,ARHAM RIAZ,MUHAMMAD RIAZ,5000
1050200082,2020-GCUF-059419,23/11/2021,TEHREEM FATIMA,M ARSHAD,7500
1090400025,2019-GCUF-069579,23/11/2021,MUAZAMA,SYED TAJAMUL HUSSAIN SHAH,5000
1090400020,2019-GCUF-058240,23/11/2021,AMNA LIAQAT,LIAQAT ALI,5500
1120200181,2020-GCUF-064210,23/11/2021,SAMIA SHEHZADI,NAZIR AHMAD,4000
1070200069,2020-GCUF-064031,23/11/2021,FAIZAN HAMID,HAMID NAZIR,9800
1070200051,2020-GCUF-063998,23/11/2021,M MURTAZA,M ARIF,10000
1120200146,2020-GCUF-064099,23/11/2021,MUQADDAS ARIF,M ARIF,10000
1110200108,2020-GCUF-059097,23/11/2021,SAWAIRA SHANZAY,M SHABBIR,15000
1100400072,2019-GCUF-057888,23/11/2021,MUHAMMAD AMJAD LUQMAN,LUQMAN ZAR,10000
1040200248,2020-GCUF-059725,23/11/2021,ZEESHAN ALI,FARMAN ALI,20000
1130400024,2019-GCUF-058812,23/11/2021,AYESHA,MUHAMMAD TARIQ,5000
1080400092,2019-GCUF-057603,23/11/2021,HIFSA,MUHAMMAD TARIQ,5000
1010400057,2019-GCUF-058898,23/11/2021,AQSA,MOHAMMAD IDREES,7250
1050600008,2018-GCUF-073112,23/11/2021,RABIA FIAZ,MUHAMMAD FIAZ,4300
1080600020,2018-GCUF-060644,23/11/2021,DANISH JAMEEL,ABDULHALEEM,7500
#N/A,#N/A,23/11/2021,#N/A,M JAMEEL,20000
1080600033,2018-GCUF-060667,23/11/2021,MUHAMMAD HANAN,YOUNIS ALI,7000
1120600043,2018-GCUF-073083,23/11/2021,TALHA USMAN,MUHAMMAD RASHEED,8000
#N/A,#N/A,23/11/2021,#N/A,M USMAN,15000
1080400095,2019-GCUF-057613,23/11/2021,MUHAMMAD SAIF ULLAH,HAFEEZ ULLAH,20000
1120200159,2020-GCUF-064116,23/11/2021,MOMNA SADIQ,SADIQ ALI,15000
1050400029,2019-GCUF-058463,23/11/2021,CANCEL,ABDUL SALAM,6500
#N/A,#N/A,23/11/2021,HAFIZ FAHAD,#REF!,0
#N/A,#N/A,23/11/2021,NAUMAN HASSAN,M ASAD SOHAIL,18000
#N/A,#N/A,24/11/2021,#N/A,M HASSAN,20000
1070400016,2019-GCUF-059018,24/11/2021,WARDAH ASHFAQ,MUHAMMAD BASHIR,21000
#N/A,#N/A,24/11/2021,FAKHRA FIAZ,M ASHFAQ,20000
#N/A,#N/A,24/11/2021,M SAJID,M FIAZ,20000
#N/A,#N/A,24/11/2021,ZAIN RAJPOOT,M ASLAM,20000
#N/A,#N/A,24/11/2021,#N/A,REHMATULLAH,20000
1030600040,2018-GCUF-060454,24/11/2021,AROOJ FAROOQ,MUHAMMAD MUNEER BHUTTA,28500
#N/A,#N/A,24/11/2021,IQRA BATOOL,ANSAR FAROOQ,20000
#N/A,#N/A,25/11/2021,#N/A,ITIKHAR MEHMOOD RANA,20000
1040600168,2018-GCUF-060189,25/11/2021,ZAINAB FAROOQ,FAROOQ SHAHID GILL,12000
1060400083,2019-GCUF-059109,25/11/2021,LAIBA SHAHZADI,MUZAFFAR HUSSAIN,32250
1120200176,2020-GCUF-064176,25/11/2021,MEHWISH,MALIK ABDUL MAJEED,13200
1100400067,2019-GCUF-057868,25/11/2021,RIDA BABAR,MUHAMMAD BABAR,17000
1080400067,2019-GCUF-057551,25/11/2021,ASMA,RASHEED AHMED,13000
1060600064,2018-GCUF-073088,25/11/2021,SYED DANIYAL SHAH,SYED SAJID ALI SHAH,10000
1040200269,2020-GCUF-059793,25/11/2021,MAHNOOR SHAHID,SHAHID MUNIR,35000
1040400229,2019-GCUF-058209,25/11/2021,SOBIA ZAHEER,MALLIK ZAHEER AHMAD,15250
1080600015,2018-GCUF-060682,25/11/2021,ALEENA MUSTAFA,MUHAMMAD MUSTAFA,8500
1100600041,2018-GCUF-060094,25/11/2021,TOOBA ABBAS,GHULAM ABBAS,8500
1040400210,2019-GCUF-058155,25/11/2021,MARYAM TAUFIQ,GHULAM BILAL DAR,31000
#N/A,#N/A,25/11/2021,#N/A,SHEIKH M TAUFIQ,2600
1040400192,2019-GCUF-058126,25/11/2021,MARYAM SHEHZADI,IQBAL AHMAD,10000
#N/A,#N/A,25/11/2021,#N/A,SHAHID MEHMOOD BHALLI,20000
1040800120,2017-GCUF-066888,25/11/2021,BAKHT MUNIR,0,12000
#N/A,#N/A,25/11/2021,#N/A,GUL ZAHIR,15000
1040400223,2019-GCUF-058201,25/11/2021,TANIA ZAHRA,NADEEM JAVAID,20000
#N/A,#N/A,25/11/2021,#N/A,M BAQIR,20000
#N/A,#N/A,25/11/2021,Muneeba Qayyum,Abdul Qayyum,3500
1080200149,2020-GCUF-064440,25/11/2021,SAQIB LIAQAT ,LIAQAT ALI,11000
1130600006,2018-GCUF-059366,25/11/2021,FARHAN ALI,RAHMAT ALI,5000
1030200145,2020-GCUF-059489,25/11/2021,ZAHIR ALI,M ANWAR ZAIGHAM,12500
1030600039,2018-GCUF-060503,25/11/2021,HAFIZ M TARIQ,MUHAMMAD IQBAL KHAN,7500
#N/A,#N/A,25/11/2021,HIRA GULZAR,DILAWAR AHMAD KHAN,20000
#N/A,#N/A,25/11/2021,HAFIZ M TARIQ,RANA M GULZAR,20000
#N/A,#N/A,25/11/2021,#N/A,DILAWAR AHMAD KHAN,41250
1050600012,2018-GCUF-073508,25/11/2021,MAHNOOR CHAUDHRY,INAMULLAH,4000
#N/A,#N/A,25/11/2021,AQSA,EJAZ ELAHI,20000
#N/A,#N/A,26/11/2021,MARYAM MUKHTAR,M IQBAL,20000
#N/A,#N/A,26/11/2021,#N/A,MUKHTAR AHMAD,20000
1110400036,2019-GCUF-058580,26/11/2021,NAZIFA NAEEM,MUJAHID ALI,5000
#N/A,#N/A,26/11/2021,SANA MUQADAS,NAEEM AHMAD KHAN,20000
#N/A,#N/A,26/11/2021,M ZAIN,M LATEEF,20000
#N/A,#N/A,26/11/2021,#N/A,M IQBAL,20000
1110200084,2020-GCUF-059054,26/11/2021,MISHAL SHAHZAD,SHEHZAD AHMAD,30000
1090400033,2019-GCUF-058346,26/11/2021,NIMRA KHAN,ABDUL REHMAN IBRAHIM,5500
#N/A,#N/A,26/11/2021,FIZA ALI,NOOR MUHAMMAD,20000
#N/A,#N/A,26/11/2021,#N/A,GHULAM ALI,20000
1050400053,2019-GCUF-058558,26/11/2021,HUMAIRA KHALIL,KHALIL AHMAD,12000
1090600005,2018-GCUF-060936,26/11/2021,MOMNA NASEER,MUHAMMAD NASEER AHMAD SIDDIQUI,5000
1030400103,2019-GCUF-058762,26/11/2021,HAFIZ MUHAMMAD BILAL,MUHAMMAD SHAHID RAFIQUE,14000
1130600010,2018-GCUF-060607,27/11/2021,AYESHA ZULFIQAR,MUHAMMAD AFZAL,9500
#N/A,#N/A,27/11/2021,MUHAMMAD FAHAD BHATTI,ZULFIQAR ALI,20000
#N/A,#N/A,27/11/2021,MUQADAS YAMEEN,ASAD SOHAIL,2000
#N/A,#N/A,27/11/2021,AYESHA ALI,M YAMEEN,20000
#N/A,#N/A,29/11/2021,ALI INSHA,M ALI NAZIM,18500
#N/A,#N/A,29/11/2021,FIZA LATIF,BABAR KHAN,20000
#N/A,#N/A,29/11/2021,#N/A,M LATIF,20000
1040400209,2019-GCUF-058154,29/11/2021,MANSOOR AHMAD,JAFAR AMIN,10000
#N/A,#N/A,29/11/2021,ABRAR IDREES,SATTAR AHMAD,15000
#N/A,#N/A,29/11/2021,LAIBA JAVED,M IDREES,20000
#N/A,#N/A,29/11/2021,M MAHTAB BILAL,JAVAID AHMAD,20000
#N/A,#N/A,29/11/2021,ABRAR IDREES,BILAL AHMAD,15000
#N/A,#N/A,29/11/2021,#N/A,M IDREES,15500
1080400061,2019-GCUF-077421,29/11/2021,SAIMA PERVEEN,MANSIB ALI,0
#N/A,#N/A,29/11/2021,#N/A,M AFZAL,0
1110400064,2019-GCUF-058700,30/11/2021,SAJID ALI,MUHAMMAD ADREES,10000
1010400051,2019-GCUF-058874,30/11/2021,TAYMOOR FAYYAZ,MUHAMMAD FAYYAZ,13500
1020400081,2019-GCUF-058049,30/11/2021,AYSHA ANSAR,ANSAR MEHMOOD,13000
1040800097,2017-GCUF-064396,30/11/2021,Amna Jaweria,0,31000
1060600073,2018-GCUF-069876,30/11/2021,KINZA ABID,ABID HMAEED,5000
1070200073,2020-GCUF-064038,30/11/2021,EMAN TAHIR,TAHIR NAZIR,9800
1110600009,2018-GCUF-066083,30/11/2021,ANEELA ANWAR,MUHAMMAD ANWAR,10000
1050400041,2019-GCUF-058512,30/11/2021,HIBA ABDULLAH,ABDULLAH SHAZAD,5000
1050400040,2019-GCUF-058510,30/11/2021,SANA ABDULLAH,ABDULLAH SHAZAD,5000
1120200153,2020-GCUF-064106,30/11/2021,MEHWISH,M RAFIQUE,12200
#N/A,#N/A,30/11/2021,#N/A,M RASHEED,20000
1100200107,2020-GCUF-063981,30/11/2021,LARAIB MANZOOR,MANZOOR HUSSAIN,13000
1040800115,2017-GCUF-066899,30/11/2021,Iqra Khadim ,0,10000
1010200093,2020-GCUF-059599,30/11/2021,FAIZ ULLAH,MUNIR AHMAD,0
1030200131,2020-GCUF-064287,30/11/2021,HAROON AHMAD,M FIAZ,24000
1100400083,2019-GCUF-057983,30/11/2021,AREEBA HIRA,MEHRAN MEHBOOD,9000
1090400017,2019-GCUF-058228,30/11/2021,SHAHID MAHMOOD,MUHAMMAD AKRAM,10000
1100600033,2018-GCUF-060065,30/11/2021,ROHEELA MUKHTAR,MUKHTAR AHMAD,6000
1100600023,2018-GCUF-059914,30/11/2021,MUHAMMAD AMIR SOHAIL,0,10000
1040800079,2017-GCUF-066728,30/11/2021,ZAINAB NAVEED KHAN,0,22300
1050600014,2018-GCUF-073137,30/11/2021,SYEDA NAHEEN KAZMI,SYED KHADIM HUSSAIN KAZMI,18000
1020400082,2019-GCUF-058052,30/11/2021,AYESHA IFTIKHAR,MUHAMMAD IFTIKHAR KHAN,14000
1110200074,2020-GCUF-064304,30/11/2021,SADIA ABDUL GHAFOOR,ABDUL GHAFOOR,6000
1120400107,2019-GCUF-057673,30/11/2021,BASHIR-UD-DIN SAFDAR,SAFDAR ALI,47000
1040800092,2017-GCUF-064377,30/11/2021,Tooba Shafiq ,0,5000
1090600014,2018-GCUF-060938,30/11/2021,SHAHZAMAN,SALEEM RAZA,10000
1080600037,2018-GCUF-073074,30/11/2021,MUHAMMAD SUBOOR,TALAT MEHMOOD,8000
1080400060,2019-GCUF-057533,30/11/2021,RIZWAN ALI,GHULAM HUSSAIN,25625
1010200068,2020-GCUF-059534,30/11/2021,AQIB ABID,ABID HUSSAIN,7000
1120600089,2018-GCUF-069888,30/11/2021,NOOR FATIMA,ALI ABBAS,5100
#N/A,#N/A,30/11/2021,NOOR FATIMA,M RAMZAN ZAHID,20000
#N/A,#N/A,30/11/2021,TAYYAB SAAD,M RAMZAN ZAHID,15500
#N/A,#N/A,30/11/2021,#N/A,SHAFIQ AHMAD,14000
1030400077,2019-GCUF-058711,30/11/2021,SONIA AZEEM,AZEEM AHMAD,15000
1110200116,2020-GCUF-059118,30/11/2021,MARYAM,M TARIQ,14000
1090600002,2018-GCUF-060946,30/11/2021,M SHAHNOOR,MUHAMMAD ASHIQ,4000
#N/A,#N/A,30/11/2021,#N/A,ALTAF HUSSAIN,20000
1120400118,2019-GCUF-057708,30/11/2021,,ALTAF HUSSAIN,10750
