Student ID,Accounts Registration No,Date,Student Name,Father Name,Amount
1080200118,2020-GCUF-064427,3/12/2021,MAHAM ,Zameer Hussain,10750
1050200080,2020-GCUF-059417,3/12/2021,M USMAN,Muhammad Younas,3500
1030400077,2019-GCUF-058711,3/12/2021,SONIA AZEEM,Azeem Ahmad,600
1040800113,2017-GCUF-066690,3/12/2021,Muhammad Sulman Ashraf,Muhammad Ashraf,10525
1040800113,2017-GCUF-066690,3/12/2021,Muhammad Sulman Ashraf,Muhammad Ashraf,10525
1030400092,2019-GCUF-058740,3/12/2021,UMAIR ALI,Abdul Majeed,8002.5
1120400127,2019-GCUF-057728,3/12/2021,SAMAN NAZ,Muhammad Khalid,10750
1040400211,2019-GCUF-058157,3/12/2021,IQRA EJAZ,M. Ejaz Ahmad,15250
1080600038,2018-GCUF-060696,3/12/2021,MUHAMMAD USAMA MANZOOR,MANZOOR AHMAD,8125
1080600038,2018-GCUF-060696,3/12/2021,MUHAMMAD USAMA MANZOOR,MANZOOR AHMAD,8125
1120400137,2019-GCUF-057746,3/12/2021,FATIMA AKRAM,Muhammad Akram,11750
1120600077,2018-GCUF-059800,3/12/2021,REEMAL SHAHID,SHAHID IQBAL,8350
1040600185,2018-GCUF-078482,3/12/2021,NOOR-E-EMAN,Abid riaz,6000
1060200157,2020-GCUF-064544,3/12/2021,FAREEHA ZAFAR,Muhammad Zafar,6500
1040600184,2018-GCUF-078480,3/12/2021,MARIA ISHTIAQ,Muhammad Ishtiaq,3500
1040600183,2018-GCUF-078483,3/12/2021,JAVERIA ISHTIAQ,Muhammad Ishtiaq,7500
1040600183,2018-GCUF-078483,3/12/2021,JAVERIA ISHTIAQ,Muhammad Ishtiaq,7500
1040800181,2017-GCUF-067884,3/12/2021,MARYAM ARIF,ARIF IQBAL,10500
1030400088,2019-GCUF-058732,3/12/2021,HAMAAD NIAZ,Muhammad Niaz,4750
1040800181,2017-GCUF-067884,3/12/2021,MARYAM ARIF,ARIF IQBAL,10500
1030400087,2019-GCUF-058731,3/12/2021,UMAIS RAJA,Muhammad Muneer,5650
1030400075,2019-GCUF-058709,3/12/2021,ISHA,Abdul Waheed,7125
1030400075,2019-GCUF-058709,3/12/2021,ISHA,Abdul Waheed,7125
1040800180,2017-GCUF-067901,3/12/2021,MARYAM NAWAZ,MUHAMMAD NAWAZ,12075
1080200149,2020-GCUF-064440,3/12/2021,SAQIB LIAQAT ,Liaqat Ali,375
1080200113,2020-GCUF-064420,3/12/2021,M LUQMAN,Khuda Bux,625
1040800180,2017-GCUF-067901,3/12/2021,MARYAM NAWAZ,MUHAMMAD NAWAZ,12075
1040800180,2017-GCUF-067901,3/12/2021,MARYAM NAWAZ,MUHAMMAD NAWAZ,12075
1040800180,2017-GCUF-067901,3/12/2021,MARYAM NAWAZ,MUHAMMAD NAWAZ,12075
1050400051,2019-GCUF-069462,3/12/2021,SHAHNAWAZ,Liaqat Ali,1250
1050400051,2019-GCUF-069462,3/12/2021,SHAHNAWAZ,Liaqat Ali,6250
1080200141,2020-GCUF-064459,3/12/2021,IMAN NAEEM,Naeem Ahmed,10505
1120200173,2020-GCUF-064161,3/12/2021,FATIMA MUQADDAS,Muhammad Saleem,312.5
1120200173,2020-GCUF-064161,3/12/2021,FATIMA MUQADDAS,Muhammad Saleem,13312.5
1040400197,2019-GCUF-058136,3/12/2021,SYEDA TUBA ZAHRA ZADI,Syed Talib Hussain Zadi,12000
1020200103,2020-GCUF-059179,3/12/2021,NEELAM FALAK,Falak Sheir,2950
1020200103,2020-GCUF-059179,3/12/2021,NEELAM FALAK,Falak Sheir,8750
1020200089,2020-GCUF-059164,3/12/2021,SYEDA QURAT UL AIN,Syed Fiaz Hussain,10000
1030400092,2019-GCUF-058740,3/12/2021,UMAIR ALI,Abdul Majeed,8002.5
1010200079,2020-GCUF-059557,3/12/2021,USAMA JAVED,Javed Iqbal,9750
1120400128,2019-GCUF-057730,3/12/2021,MUHAMMAD AWAIS,Zahid Iqbal,10750
1120400128,2019-GCUF-057730,3/12/2021,MUHAMMAD AWAIS,Zahid Iqbal,10750
1090200048,2020-GCUF-059306,3/12/2021,FAIZA ARIF,Muhammad Arif,6750
1010400038,2019-GCUF-058837,3/12/2021,NIMRA TAHIR,M. Tahir,4000
1080600048,2018-GCUF-060653,3/12/2021,USAMA WAHEED,CHAUDHRY ABDUL WAHEED,5750
1020400075,2019-GCUF-058037,3/12/2021,SHEERIN SHAHEEN,Fareed Shaheen,6250
1020400075,2019-GCUF-058037,3/12/2021,SHEERIN SHAHEEN,Fareed Shaheen,6250
1010400041,2019-GCUF-058848,3/12/2021,FAIQA ZAHID,Zahid Ali,5500
1100600010,2018-GCUF-073156,3/12/2021,FARZEEN IRSHAD,irshad ali,6175
1030200120,2020-GCUF-059464,3/12/2021,HUSSAIN GEE,Muhammad Kashif Chohan,9750
1020200090,2020-GCUF-064319,3/12/2021,SAHER SHAHZADI,Muhammad Latif,8375
1130400015,2019-GCUF-058803,3/12/2021,MUHAMMAD WAHAJ,Muhammad Babar,9750
1130400015,2019-GCUF-058803,3/12/2021,MUHAMMAD WAHAJ,Muhammad Babar,9750
1080400084,2019-GCUF-057589,3/12/2021,MUNIBA KHALID,Muhammad Khalid Bhatti,8563
1080400084,2019-GCUF-057589,3/12/2021,MUNIBA KHALID,Muhammad Khalid Bhatti,563
1020200102,2020-GCUF-059176,3/12/2021,HINA MUGHAL,Muhammad Yaqoob Mughal,7500
1030400076,2019-GCUF-058710,3/12/2021,AMANAT RASOOL,Hafiz Ghulam Sideeq,7800
1030400076,2019-GCUF-058710,3/12/2021,AMANAT RASOOL,Hafiz Ghulam Sideeq,7800
1060400122,2019-GCUF-059237,3/12/2021,HIRA SHAFIQUE,Muhammad Shafique,8437
1060400122,2019-GCUF-059237,3/12/2021,HIRA SHAFIQUE,Muhammad Shafique,5625
1040200267,2020-GCUF-059786,3/12/2021,MUNIFA ZAHOOR,Zahoor Ahmad,18750
1100600025,2018-GCUF-060032,3/12/2021,MUHAMMAD AWAIS QADIR,ghulam qadir,6250
1050400036,2019-GCUF-058479,3/12/2021,SHEZA SHAMS,Aziz-Ur-Rehman,4375
1120400131,2019-GCUF-057736,3/12/2021,LAIBA GHAFFAR,Abdul Ghaffar,9750
1080200142,2020-GCUF-064475,3/12/2021,SYED M FAROOQ,Syed Tahawar Hussain,10312.5
1080200142,2020-GCUF-064475,3/12/2021,SYED M FAROOQ,Syed Tahawar Hussain,12.5
1080200117,2020-GCUF-064426,3/12/2021,HARIS SOHAIL,Sohail Afzal,10750
1040400224,2019-GCUF-058202,3/12/2021,AZQA,Arif Ali,9500
1040200267,2020-GCUF-059786,3/12/2021,MUNIFA ZAHOOR,Zahoor Ahmad,18750
1080200127,2020-GCUF-064437,3/12/2021,UZMA HANIF,Muhammad Hanif,750
1120400102,2019-GCUF-057645,3/12/2021,ARESHA AKHTAR,Muhammad Akhtar,750
1080200127,2020-GCUF-064437,3/12/2021,UZMA HANIF,Muhammad Hanif,10750
1020600048,2018-GCUF-059311,3/12/2021,MUHAMMAD SHAHZAMAN,muhammad shareef,7200
1120400102,2019-GCUF-057645,3/12/2021,ARESHA AKHTAR,Muhammad Akhtar,10750
1020600048,2018-GCUF-059311,3/12/2021,MUHAMMAD SHAHZAMAN,muhammad shareef,7200
1060200145,2020-GCUF-064534,3/12/2021,ESHA SHAMAZ,Imtiaz Ali Chohan,12250
1020400063,2019-GCUF-058012,3/12/2021,ZAIN ALI,Naveed Ahmad,7750
1020400063,2019-GCUF-058012,3/12/2021,ZAIN ALI,Naveed Ahmad,7750
1080200140,2020-GCUF-064455,3/12/2021,HOORIA SHAHZAD,Shahzad Hanif,9435
1120200191,2020-GCUF-064248,3/12/2021,MARIA FAWAD,Muhammad Fawad,12187.5
1120200191,2020-GCUF-064248,3/12/2021,MARIA FAWAD,Muhammad Fawad,2187.5
1060200152,2020-GCUF-064541,3/12/2021,ZAHA,Muhammad Saleem Raza,10500
1080200111,2020-GCUF-064423,3/12/2021,RIMSHA KHALID,Khalid Hussain,12500
1040200255,2020-GCUF-059750,3/12/2021,SMAVIA MAQBOOL,Maqbool Ahmed,15000
1100600036,2018-GCUF-060004,3/12/2021,SHAIRYAR,muhammad younas,8000
1100600036,2018-GCUF-060004,3/12/2021,SHAIRYAR,muhammad younas,8000
1100600036,2018-GCUF-060004,3/12/2021,SHAIRYAR,muhammad younas,4000
1040200257,2020-GCUF-059756,4/12/2021,MAFIA ARSHAD,Muhammad Arshad,15000
1010400034,2019-GCUF-058823,4/12/2021,SYED AHSAN ABBAS SHIRAZI,Syed Imtiaz Hussain Shirazi,7750
1010400064,2019-GCUF-058915,4/12/2021,KASHAF JAWAID,Jawaid Iqbal,7500
1010400034,2019-GCUF-058823,4/12/2021,SYED AHSAN ABBAS SHIRAZI,Syed Imtiaz Hussain Shirazi,500
1100400077,2019-GCUF-057902,4/12/2021,SYEDA ZARMEEN NAQVI,Syed Mukaram Ali Shah,4500
1010400064,2019-GCUF-058915,4/12/2021,KASHAF JAWAID,Jawaid Iqbal,7500
1110600011,2018-GCUF-066076,4/12/2021,HALEEMA SADIA,dilshad ahmad,3750
1110600011,2018-GCUF-066076,4/12/2021,HALEEMA SADIA,dilshad ahmad,3750
1010400064,2019-GCUF-058915,4/12/2021,KASHAF JAWAID,Jawaid Iqbal,7500
1030600068,2018-GCUF-060577,4/12/2021,ZONASH KAZMI,SYED FARRUKH ABBAS KAZMI,8450
1040200280,2020-GCUF-064312,4/12/2021,ADEEBA ARIF,Arif Ali,8750
1020600038,2018-GCUF-059300,6/12/2021,FIZA BATOOL,Riasat Ali,5812.5
1060200166,2020-GCUF-064554,6/12/2021,KOMAL IFTIKHAR,Iftikhar Masih,12500
1080600028,2018-GCUF-060656,6/12/2021,KHADIJA JAVED,MUHAMAD JAVED,10000
1080600028,2018-GCUF-060656,6/12/2021,KHADIJA JAVED,MUHAMAD JAVED,5000
1020600058,2018-GCUF-059243,6/12/2021,SYED UMER SHAH,syed shafqat hussain shah,6225
1080400069,2019-GCUF-069612,6/12/2021,MOMNA BATOOL,Malik Muhammad Ilyas,812.5
1110600007,2018-GCUF-066065,6/12/2021,AIDA,MUHAMMAD NAVEED SADIQ,5375
1060400101,2019-GCUF-059131,6/12/2021,AYESHA MARIYAM,Muhammad Yousaf,10781.25
1010400056,2019-GCUF-058895,6/12/2021,MEHAK JANNAT AMJAD,Amjad Mehmood Chohan,7800
1010400056,2019-GCUF-058895,6/12/2021,MEHAK JANNAT AMJAD,Amjad Mehmood Chohan,2800
1030600042,2018-GCUF-060548,6/12/2021,MINHAL ZIA,hafiz qamar zia,7800
1070400049,2019-GCUF-069505,6/12/2021,SHAKIR MASIH,Faqirya Masih,7800
1060400087,2019-GCUF-059112,6/12/2021,NISHA KAYANI,Khizer Kayani,7500
1110400045,2019-GCUF-058669,6/12/2021,ZARA KALANDER,Kalander Ali,5313
1110400046,2019-GCUF-058672,6/12/2021,MAHA KALANDER,Kalander Ali,5313
1010200079,2020-GCUF-059557,6/12/2021,USAMA JAVED,Javed Iqbal,9750
1120200151,2020-GCUF-064104,6/12/2021,M AHMAD,Muhammad Javid,12187.5
1060200138,2016-GCUF-072314,6/12/2021,NAAZISH,Khalid Hussain,11250
1060200138,2016-GCUF-072314,6/12/2021,NAAZISH,Khalid Hussain,11250
1010600018,2018-GCUF-060775,6/12/2021,NOMAN ALI,ABDUL HAFEEZ,7000
1060400128,2019-GCUF-059252,6/12/2021,MUMTAZ BUTT,Waheed Qadri,11250
1060400128,2019-GCUF-059252,6/12/2021,MUMTAZ BUTT,Waheed Qadri,11250
1060200148,2020-GCUF-064539,6/12/2021,ATIYA AZEEM,Azeem Younes,11750
1060200148,2020-GCUF-064539,6/12/2021,ATIYA AZEEM,Azeem Younes,11750
1080200128,2020-GCUF-064435,6/12/2021,"RABIA,",Muhammad Shahbaz Qayyum,10750
1040600176,2018-GCUF-070208,6/12/2021,NIMRA BASHIR,BASHIR SHAUKAT HAYAT,11700
1080600017,2018-GCUF-060687,6/12/2021,AMNA ARSHAD,Muhammad Arshad Amir,8125
1080600017,2018-GCUF-060687,6/12/2021,AMNA ARSHAD,Muhammad Arshad Amir,8125
1120400127,2019-GCUF-057728,6/12/2021,SAMAN NAZ,Muhammad Khalid,750
1060200139,2020-GCUF-064529,6/12/2021,RAHBIL SAHER,Muhammad Ishaq,11750
1070400019,2019-GCUF-059022,6/12/2021,TASBIHA ALTAF,Altaf Hussain,9150
1120400113,2019-GCUF-057688,6/12/2021,SANIA IFTIKHAR,Muhammad Iftikhar,6250
1120400113,2019-GCUF-057688,6/12/2021,SANIA IFTIKHAR,Muhammad Iftikhar,11250
1120400115,2019-GCUF-057698,6/12/2021,MALAIKA AMJAD,Amjad Ali,2500
1120400117,2019-GCUF-057706,6/12/2021,NEHA,Ahmed Ali,14750
1080200131,2020-GCUF-064434,6/12/2021,SAHIRA YASIN,Muhamma Yasin,8500
1080200110,2020-GCUF-064422,6/12/2021,MEERAB TAYYAB,Ch Tayyab Fakhar,10750
1080400086,2019-GCUF-057592,6/12/2021,TAYYABA SUMMAN SALEEM,Amjad Saleem,6000
1080400086,2019-GCUF-057592,6/12/2021,TAYYABA SUMMAN SALEEM,Amjad Saleem,9250
1100600038,2018-GCUF-074013,6/12/2021,SOHAIL YASIN,mohammad yasin,6375
1100600038,2018-GCUF-074013,6/12/2021,SOHAIL YASIN,mohammad yasin,6375
1100600042,2018-GCUF-060048,6/12/2021,UMAR FAROOQ,Ghulam Mustafa,10300
1100600042,2018-GCUF-060048,6/12/2021,UMAR FAROOQ,Ghulam Mustafa,10300
1040400226,2019-GCUF-058205,6/12/2021,ZAIMAH ISMAIL,Mohammad Ismail,10937.5
1040200252,2019-GCUF-073674,6/12/2021,FAIZA FAYYAZ,Muhammad Fayyaz,3500
1060600034,2018-GCUF-059568,6/12/2021,ANISA AMJAD,MUHAMMAD AMJAD,5150
1120400111,2019-GCUF-057682,6/12/2021,SHIREEN SAJJAD,Sajjad Haider,11250
1120400111,2019-GCUF-057682,6/12/2021,SHIREEN SAJJAD,Sajjad Haider,11250
1120400111,2019-GCUF-057682,6/12/2021,SHIREEN SAJJAD,Sajjad Haider,11250
1060400113,2019-GCUF-059194,6/12/2021,URMIA AMJAD,Amjad Ali,11250
1060400113,2019-GCUF-059194,6/12/2021,URMIA AMJAD,Amjad Ali,11250
1080200138,2020-GCUF-064452,6/12/2021,NABEEL MAHMOOD,Mahmood Ahmed,11625
1080200138,2020-GCUF-064452,6/12/2021,NABEEL MAHMOOD,Mahmood Ahmed,11625
1080200106,2020-GCUF-064416,6/12/2021,MUHAMMAD IRFAN,Manzoor Hussain,10750
1080200109,2020-GCUF-064418,6/12/2021,MUHAMMAD ABDULLAH,Allah Bakhsh,312.5
1080200109,2020-GCUF-064418,6/12/2021,MUHAMMAD ABDULLAH,Allah Bakhsh,10312.5
1120400126,2019-GCUF-057725,6/12/2021,MAHNOOR SHAHBAZ,M. Shahbaz Lateef Rasheed,10750
1080200125,2020-GCUF-064438,6/12/2021,SABA ILYAS,Muhammad Ilyas,750
1080200146,2020-GCUF-075586,6/12/2021,M MUAZ,Khawaja Tahir Hameed,10750
1070400037,2019-GCUF-059061,6/12/2021,MUHAMMAD AFNAN AFZAL,Muhammad Afzal,8475
1080200146,2020-GCUF-075586,6/12/2021,M MUAZ,Khawaja Tahir Hameed,750
1060600044,2018-GCUF-059649,6/12/2021,FIRDOUS KHADIM,KHADIM HUSSAIN,10040
1060600044,2018-GCUF-059649,6/12/2021,FIRDOUS KHADIM,KHADIM HUSSAIN,40
1120400143,2019-GCUF-057768,6/12/2021,HAFIZ MUZZAMMIL ZAFAR,Zafar Iqbal,3250
1100600007,2018-GCUF-059955,6/12/2021,ABDUL GHAFFAR,abdul razzaq,6187.5
1100400079,2019-GCUF-057971,6/12/2021,MUHAMMAD ALI,Muhammad Aslam,10312.5
1120400143,2019-GCUF-057768,6/12/2021,HAFIZ MUZZAMMIL ZAFAR,Zafar Iqbal,11250
1120400145,2019-GCUF-069472,6/12/2021,SAIMA ASHRAF,Muhammad Ashraf,10500
1120400136,2019-GCUF-057744,6/12/2021,SHAMSA WAZEER,Wazeer Muhamamd,7500
1070400013,2019-GCUF-059011,6/12/2021,ALI SHAN,Muhammad Sadiq,6787.5
1020600037,2018-GCUF-059207,6/12/2021,FAREEHA,Muhammad Abdul Qadir Sufi,1000
1070400013,2019-GCUF-059011,6/12/2021,ALI SHAN,Muhammad Sadiq,6787.5
1020600037,2018-GCUF-059207,6/12/2021,FAREEHA,Muhammad Abdul Qadir Sufi,6000
1080200125,2020-GCUF-064438,6/12/2021,SABA ILYAS,Muhammad Ilyas,10750
1100600006,2018-GCUF-073672,6/12/2021,ABDUL BASIT,munir ahmad,6375
1100600006,2018-GCUF-073672,6/12/2021,ABDUL BASIT,munir ahmad,6375
1120400110,2019-GCUF-057680,6/12/2021,ISHMA ZAHRA,Tauqeer Abbas,7500
1120400110,2019-GCUF-057680,6/12/2021,ISHMA ZAHRA,Tauqeer Abbas,11250
1080200119,2020-GCUF-064428,6/12/2021,FAREENA IQBAL,Muhammad Iqbal,11187.5
1120400123,2019-GCUF-057720,6/12/2021,IQRA,Ghulam Mustafa,9500
1120400123,2019-GCUF-057720,6/12/2021,IQRA,Ghulam Mustafa,9500
1080200147,2020-GCUF-075665,6/12/2021,AYESHA,Thair Ali,9750
1110400073,2019-GCUF-069517,6/12/2021,AMBER IJAZ,Ijaz Hussain,3750
1040400206,2019-GCUF-058150,6/12/2021,MAHNOOR,Asif Jamil Chaudary,14531.25
1080200121,2020-GCUF-064430,6/12/2021,JUNAID AKHTAR,Akhter Ali,10875
1080200121,2020-GCUF-064430,6/12/2021,JUNAID AKHTAR,Akhter Ali,10875
1080200132,2020-GCUF-064442,6/12/2021,HAFIZA MAFIA ZULFIQAR,Zulfiqar Ali,9625
1040200236,2020-GCUF-059688,6/12/2021,ALLAH RAKHI,Abdul Rasheed,5500
1040200236,2020-GCUF-059688,6/12/2021,ALLAH RAKHI,Abdul Rasheed,15000
1100200094,2020-GCUF-075536,6/12/2021,ZOHA SHAKOOR,Abdul Shakoor,10125
1100200094,2020-GCUF-075536,6/12/2021,ZOHA SHAKOOR,Abdul Shakoor,3125
1030200137,2020-GCUF-064286,6/12/2021,M AHSAN SHAHZAD,Mohammad Abdul Rasheed,9000
1030200137,2020-GCUF-064286,6/12/2021,M AHSAN SHAHZAD,Mohammad Abdul Rasheed,9000
1030200137,2020-GCUF-064286,6/12/2021,M AHSAN SHAHZAD,Mohammad Abdul Rasheed,9000
1030200137,2020-GCUF-064286,6/12/2021,M AHSAN SHAHZAD,Mohammad Abdul Rasheed,9000
1110400069,2019-GCUF-069529,6/12/2021,AMAN KAINAT,Jawwad Hussain,6187.5
1110400069,2019-GCUF-069529,6/12/2021,AMAN KAINAT,Jawwad Hussain,6187.5
1110400069,2019-GCUF-069529,6/12/2021,AMAN KAINAT,Jawwad Hussain,6187.5
1110400069,2019-GCUF-069529,6/12/2021,AMAN KAINAT,Jawwad Hussain,6187.5
1110400056,2019-GCUF-058687,6/12/2021,ALIZA HUSSAIN,Jawad Hussain,6187.5
1110400056,2019-GCUF-058687,6/12/2021,ALIZA HUSSAIN,Jawad Hussain,6187.5
1110400056,2019-GCUF-058687,6/12/2021,ALIZA HUSSAIN,Jawad Hussain,6187.5
1110400056,2019-GCUF-058687,6/12/2021,ALIZA HUSSAIN,Jawad Hussain,6187.5
1110600014,2018-GCUF-066073,6/12/2021,KINZA ARSHAD,arshad ali,2000
1110600014,2018-GCUF-066073,6/12/2021,KINZA ARSHAD,arshad ali,7000
1080200105,2020-GCUF-064412,6/12/2021,HAFIZ M UMAIR UMER,Umer Draz Khan Lodhi,9000
1120200184,2020-GCUF-064227,6/12/2021,Muhammad Saeed,Rana Muhammad Fayyaz,13312.5
1120200184,2020-GCUF-064227,6/12/2021,Muhammad Saeed,Rana Muhammad Fayyaz,312.5
1110200109,2020-GCUF-059100,6/12/2021,M BEHZAD EJAZ,Muhammad Ejaz Alam,7125
1040200256,2020-GCUF-059753,6/12/2021,ZAHRA FATIMA,Muhammad Ilyas,15750
1110200109,2020-GCUF-059100,6/12/2021,M BEHZAD EJAZ,Muhammad Ejaz Alam,7125
1020600059,2018-GCUF-070163,6/12/2021,RIMSHA ZAIDI,SYED GHULAM HAYDER,2750
1030400113,2019-GCUF-058778,6/12/2021,NOUMAN KHALIQ,Abdul Khaliq,6650
1010200069,2020-GCUF-075525,6/12/2021,M WASEEM,Darwaish Muhammad,11250
1110600013,2018-GCUF-074967,6/12/2021,ISHRAT LIAQAT,muhammad liaqat ali,7000
1110600013,2018-GCUF-074967,6/12/2021,ISHRAT LIAQAT,muhammad liaqat ali,7000
1090400035,2019-GCUF-069588,6/12/2021,Muhammad Fakhar Javaid,Javaid Ahmad,5500
1090400035,2019-GCUF-069588,6/12/2021,Muhammad Fakhar Javaid,Javaid Ahmad,5500
1080200124,2020-GCUF-064433,6/12/2021,MUHAMMAD ASIF,Ali Muhammad,11187.5
1100200106,2020-GCUF-063983,6/12/2021,MIRZA M ARSLAN NABEEL,Mirza Muhammad Bilal,500
1040200256,2020-GCUF-059753,6/12/2021,ZAHRA FATIMA,Muhammad Ilyas,750
1100200106,2020-GCUF-063983,6/12/2021,MIRZA M ARSLAN NABEEL,Mirza Muhammad Bilal,10500
1060600068,2018-GCUF-059626,6/12/2021,UREEBA RAFIQ,MUHAMMAD RAFIQ,4500
1040200271,2020-GCUF-059806,6/12/2021,ALEEZA IJAZ BUTT,Ijaz Butt,12500
1060200140,2020-GCUF-064530,6/12/2021,ZAKIR ALI,Safdar Feroz,11500
1030600041,2018-GCUF-060518,6/12/2021,KANWAL SHAHZADI,muhammad anwar,50
1060200171,2020-GCUF-064559,6/12/2021,AYESHA FIAZ,not assigned,11750
1010400046,2019-GCUF-058862,6/12/2021,HAFSA KHALID,Khalid Maqsood,3500
1120600074,2018-GCUF-059747,6/12/2021,NOOR UL FAJR AKRAM,MUHAMMAD AKRAM BABAR,10550
1120400134,2019-GCUF-057741,6/12/2021,AMNA JAVED,Muhammad Javed Yousaf,8000
1100400064,2019-GCUF-057858,6/12/2021,MUHAMMAD IRFAN,Noor Ahmad,8437.05
1100400064,2019-GCUF-057858,6/12/2021,MUHAMMAD IRFAN,Noor Ahmad,8437.05
1100400064,2019-GCUF-057858,6/12/2021,MUHAMMAD IRFAN,Noor Ahmad,8437.05
1120400139,2019-GCUF-057751,6/12/2021,AYESHA NAWAZ,Muhammad Nawaz,13750
1120600088,2018-GCUF-069887,6/12/2021,KASHAF ASGHAR,ALI ASGHAR,10125
1080400093,2019-GCUF-057607,6/12/2021,FIZA FIAZ,Fiaz Ahmad,1750
1060400085,2018-GCUF-060651,6/12/2021,ABU BAKKAR SIDDIQUE,Javed Iqbal,12750
1080200124,2020-GCUF-064433,6/12/2021,MUHAMMAD ASIF,Ali Muhammad,11187.5
1060600058,2018-GCUF-073663,6/12/2021,MUHAMMAD TAIMOOR LIAQAT,LIAQAT ALI,10600
1010600019,2018-GCUF-060776,6/12/2021,SHAHZEEN,DIN MUHAMMAD,5750
1060600058,2018-GCUF-073663,6/12/2021,MUHAMMAD TAIMOOR LIAQAT,LIAQAT ALI,10600
1120400141,2019-GCUF-057760,6/12/2021,SEHAR YOUNAS,Muhammad Younas,8250
1120200176,2020-GCUF-064176,6/12/2021,MEHWISH,Malik Abdul Majeed,425
1120200186,2020-GCUF-064200,6/12/2021,BISMA,Muhammad Mushtaq,13312.5
1120200186,2020-GCUF-064200,6/12/2021,BISMA,Muhammad Mushtaq,3312.5
1040200244,2020-GCUF-059707,6/12/2021,NOOR FALAK,Ch Amir Sohail,11250
1030600058,2018-GCUF-060465,6/12/2021,NOOR FATIMA,KHALIQ HUSSAIN,6315
1120400129,2019-GCUF-057732,6/12/2021,SUMIYA IBRAR,Ibrar Ahmad,11250
1120400129,2019-GCUF-057732,6/12/2021,SUMIYA IBRAR,Ibrar Ahmad,1250
1040400213,2019-GCUF-058173,6/12/2021,FATIMA AMJAD,Amjad Hussain Chishti,4531.25
1040400213,2019-GCUF-058173,6/12/2021,FATIMA AMJAD,Amjad Hussain Chishti,14531.25
1030200119,2020-GCUF-059457,6/12/2021,SHAHRYAR NAEEM,Naeem Muhammad Amin,10125
1030200119,2020-GCUF-059457,6/12/2021,SHAHRYAR NAEEM,Naeem Muhammad Amin,10125
1100400088,2019-GCUF-057999,6/12/2021,JAVERIA ISHFAQ,Muhammad Ishfaq,9063
1060400096,2019-GCUF-059126,6/12/2021,HIRA SALEEM,Rana Muhammad Saleem,10782.5
1100400051,2019-GCUF-057810,6/12/2021,HIFSA ASLAM,Mohammad Aslam,1812.5
1080600049,2018-GCUF-060715,6/12/2021,ZAIN UL ABIDEEN,IFTIKHAR AHMED,6873.75
1110400057,2019-GCUF-058689,6/12/2021,KOMAL IQBAL,Muhammad Iqbal,4200
1120600052,2018-GCUF-059824,6/12/2021,GULSHAN,muhammad aslam,9700
1100400075,2019-GCUF-057898,6/12/2021,ANMOL ARIF,Muhammad Arif,8437.5
1080600049,2018-GCUF-060715,6/12/2021,ZAIN UL ABIDEEN,IFTIKHAR AHMED,6873.75
1100400075,2019-GCUF-057898,6/12/2021,ANMOL ARIF,Muhammad Arif,8437.5
1040600131,2018-GCUF-060196,6/12/2021,SYEDA AQSA BUKHARI,SALMAN SHAH,11850
1040600131,2018-GCUF-060196,6/12/2021,SYEDA AQSA BUKHARI,SALMAN SHAH,11850
1010400039,2019-GCUF-058839,6/12/2021,MARIA NAVEED,Muhammad Naveed,5000
1030600058,2018-GCUF-060465,6/12/2021,NOOR FATIMA,KHALIQ HUSSAIN,515
1010400037,2019-GCUF-058834,6/12/2021,BAQIA MUNIR,Munir Ahmad,1250
1010400037,2019-GCUF-058834,6/12/2021,BAQIA MUNIR,Munir Ahmad,6250
1030400083,2019-GCUF-058719,6/12/2021,NASIR ALI,Manzoor Ahmad,8475
1050400050,2019-GCUF-058552,6/12/2021,HALEEMA FARZEEN,Zahid Razzaq Warsi,5312.5
1090200037,2020-GCUF-059211,6/12/2021,FARIA JABBAR,Abdul Jabbar,6000
1050400050,2019-GCUF-058552,6/12/2021,HALEEMA FARZEEN,Zahid Razzaq Warsi,5312.5
1090200037,2020-GCUF-059211,6/12/2021,FARIA JABBAR,Abdul Jabbar,6000
1020400079,2019-GCUF-058047,6/12/2021,UJALA JABBAR,Abdul Jabbar,7750
1030400083,2019-GCUF-058719,6/12/2021,NASIR ALI,Manzoor Ahmad,8475
1020400079,2019-GCUF-058047,6/12/2021,UJALA JABBAR,Abdul Jabbar,7750
1100400061,2019-GCUF-057852,6/12/2021,SUNDAS SHAHZADI,Akhtar Ali,7500
1020600041,2018-GCUF-059202,6/12/2021,HUZAIRAH ABDUR REHMAN,ABDUR REHMAN,5125
1090400028,2019-GCUF-058338,6/12/2021,MALIK MUHAMMAD HAMAD,Malik Ghulam Nabi,5312.5
1090400028,2019-GCUF-058338,6/12/2021,MALIK MUHAMMAD HAMAD,Malik Ghulam Nabi,5312.5
1060200160,2020-GCUF-064548,6/12/2021,MAHA BASHIR,Muhammad Bashir,3500
1120600076,2018-GCUF-059711,6/12/2021,RABIA YAQOOB,muhammad yaqoob,9700
1040400221,2019-GCUF-058195,6/12/2021,ASAD ALI ANSARI,Asghar Ali Ansari,18125
1040400221,2019-GCUF-058195,6/12/2021,ASAD ALI ANSARI,Asghar Ali Ansari,18125
1080600018,2018-GCUF-060721,6/12/2021,ANAS AHMAD,SHAMSHAD AHMAD SHAHID,10000
1080600018,2018-GCUF-060721,6/12/2021,ANAS AHMAD,SHAMSHAD AHMAD SHAHID,10000
1060600032,2018-GCUF-059642,6/12/2021,ALEEZA MALIK,MALIK SHER ALI AWAN,8000
1100600034,2018-GCUF-060089,6/12/2021,RUBINA SARWAR,muhammad sarwar,5025
1010200074,2020-GCUF-059545,6/12/2021,AYESHA HABIB,Habib Ahmad,11250
1010200091,2020-GCUF-059591,6/12/2021,MOHSIN ALI,Maqbool Ahmad,10125
1010200091,2020-GCUF-059591,6/12/2021,MOHSIN ALI,Maqbool Ahmad,10125
1010200073,2020-GCUF-059543,6/12/2021,HAMZA AMIN,Muhammad Amin Vicky,9750
1010200073,2020-GCUF-059543,6/12/2021,HAMZA AMIN,Muhammad Amin Vicky,250
1050400031,2019-GCUF-058467,6/12/2021,AHMAD KAMAL,Muhammad Akram,6250
1010200090,2020-GCUF-059587,6/12/2021,AYESHA ARSHAD,Muhammad Arshad,6250
1050400031,2019-GCUF-058467,6/12/2021,AHMAD KAMAL,Muhammad Akram,6250
1010200074,2020-GCUF-059545,6/12/2021,AYESHA HABIB,Habib Ahmad,11250
1080200129,2020-GCUF-064439,6/12/2021,SIDRA,Allah Ditta,10750
1030400117,2019-GCUF-069513,6/12/2021,ABDUL REHMAN,Nizam-Ud-Din,8812.5
1060400096,2019-GCUF-059126,6/12/2021,HIRA SALEEM,Rana Muhammad Saleem,10782.5
1030400117,2019-GCUF-069513,6/12/2021,ABDUL REHMAN,Nizam-Ud-Din,8812.5
1060200161,2020-GCUF-064549,6/12/2021,AREEJ FATIMA,Muhammad Afzal,12250
1060200161,2020-GCUF-064549,6/12/2021,AREEJ FATIMA,Muhammad Afzal,2250
1060200172,2020-GCUF-064560,6/12/2021,IRSA,Afzaal Sarwar Butt,12500
1080600034,2018-GCUF-060717,6/12/2021,MUHAMMAD MUKHDOOM KHAN,MUHAMMAD NAEEM,9172.5
1100600034,2018-GCUF-060089,6/12/2021,RUBINA SARWAR,muhammad sarwar,5025
1060200137,2020-GCUF-064526,6/12/2021,MUQADAS KHALID,Ch. Khalid Mahmood Kamboh,11250
1060200137,2020-GCUF-064526,6/12/2021,MUQADAS KHALID,Ch. Khalid Mahmood Kamboh,1250
1010400065,2019-GCUF-058916,6/12/2021,HIRA TAHIR,Muhammad Tahir Hussain,5500
1120400130,2019-GCUF-057734,6/12/2021,MUNEEBA SHAKEEL,Muhammad Shakeel,11250
1120400130,2019-GCUF-057734,6/12/2021,MUNEEBA SHAKEEL,Muhammad Shakeel,11250
1100400069,2019-GCUF-057882,6/12/2021,TANZILA MUMTAZ,Allah Ditta,3750
1120200166,2020-GCUF-064132,6/12/2021,MARIA MUKHTAR,Muhkhtar Ahmad,3500
1030400086,2019-GCUF-058728,6/12/2021,MAHAM SABAR,Ghulam Sabar Butt,6112.5
1080200143,2020-GCUF-064472,6/12/2021,M UMAR RAMZAN,Muhammad Ramzan,10312.5
1070200071,2020-GCUF-064033,6/12/2021,MOHAMMAD ANAS ASGHAR,Ali Asghar,9750
1080200137,2020-GCUF-064449,6/12/2021,SYED ALI KUMAIL BUKHARI,Syed Sadiq Raza Bukhari,10750
1080400057,2019-GCUF-057524,6/12/2021,MALIK WAQAR ALI,Amanat Ali,9250
1080400057,2019-GCUF-057524,6/12/2021,MALIK WAQAR ALI,Amanat Ali,9250
1070200071,2020-GCUF-064033,6/12/2021,MOHAMMAD ANAS ASGHAR,Ali Asghar,9750
1060400105,2019-GCUF-059135,6/12/2021,ZARISH SHAKEEL,Shakeel Tahir,6562.5
1040200275,2020-GCUF-059817,6/12/2021,MARYAM,Syed Muhammad Usman Bukhari,17250
1060400095,2019-GCUF-059125,6/12/2021,M. KHURAM ZUBAIR,Muhammad Asghar,3437.5
1070400042,2019-GCUF-059087,6/12/2021,SAMEER REHAN,Rehan Ali,8450
1010400059,2019-GCUF-058905,6/12/2021,ABDUL HASEEB REHAN,Rehan Ali,7250
1040200260,2020-GCUF-059766,6/12/2021,M ABDULLAH.,Muhammad Riaz,10500
1120400103,2019-GCUF-057649,6/12/2021,MAMOONA,Mahmood Ahmad Qadri,10500
1030600059,2018-GCUF-060556,6/12/2021,NOOR UL HUDA AJMAL,ajmal javed,4950
1020600036,2018-GCUF-059303,6/12/2021,EISHA KHALID,ch.khalid mehmood gujjar,2750
1010400063,2019-GCUF-058914,6/12/2021,UNAIZA SHAHBAZ,Shahbaz Ahmad,7250
1010400063,2019-GCUF-058914,6/12/2021,UNAIZA SHAHBAZ,Shahbaz Ahmad,7250
1020400073,2019-GCUF-058034,6/12/2021,AHMAD EHSAN,Sheikh Muhammad Ehsan,6250
1020400073,2019-GCUF-058034,6/12/2021,AHMAD EHSAN,Sheikh Muhammad Ehsan,6250
1110600012,2018-GCUF-066100,6/12/2021,HUNAIN ARSHAD,ARSHAD ALI,6025
1080200133,2020-GCUF-064443,6/12/2021,M IJAZ,Saad Ullah Khan,11250
1110200098,2020-GCUF-059080,6/12/2021,HAMMAD YOUSAF,Muhammad Yousaf,6750
1010600021,2018-GCUF-073659,6/12/2021,ZEESHAN,BASHARAT ALI,6750
1010600021,2018-GCUF-073659,6/12/2021,ZEESHAN,BASHARAT ALI,6750
1080200122,2020-GCUF-064431,6/12/2021,MALEEHA NADEEM,Nadeem Ahmad,10750
1080400072,2019-GCUF-057566,6/12/2021,NISA FATIMA,Muhammad Shahzad,8906.25
1120200193,2020-GCUF-075666,6/12/2021,AINA SIDRA,Muhammad Asif,11625
1040600145,2018-GCUF-060269,6/12/2021,AYMAN FATIMA,AQEEL AHMAD,190
1030200138,2020-GCUF-059485,6/12/2021,SAMEER IMRAN,Imran Majeed,10125
1030200138,2020-GCUF-059485,6/12/2021,SAMEER IMRAN,Imran Majeed,10125
1120200146,2020-GCUF-064099,6/12/2021,MUQADDAS ARIF,Muhammad Arif,9375
1040400219,2019-GCUF-058193,6/12/2021,AYESHA SHOUKAT,Shoukat Ali,10937.5
1110400026,2019-GCUF-058570,6/12/2021,MUSHARFA HAQ,Abdul Haq,4000
1040400219,2019-GCUF-058193,6/12/2021,AYESHA SHOUKAT,Shoukat Ali,10937.5
1010400047,2019-GCUF-058864,6/12/2021,MUHAMMAD MOID ISLAM,Muhammad Azhar Islam,5500
1030400104,2019-GCUF-058763,6/12/2021,KAWISH,Muhammad Afzal Bhatti,5775
1030400104,2019-GCUF-058763,6/12/2021,KAWISH,Muhammad Afzal Bhatti,5775
1060200144,2020-GCUF-064533,6/12/2021,FATIMA AFZAL,Muhammad Afzal,11750
1060200144,2020-GCUF-064533,6/12/2021,FATIMA AFZAL,Muhammad Afzal,11750
1010400058,2019-GCUF-058903,6/12/2021,NOUMAN ANJUM,Muhammad Yaqub Anjum,7500
1030200129,2020-GCUF-064285,6/12/2021,ISMA RAFI,Muhammad Rafi,7500
1090200038,2020-GCUF-059255,6/12/2021,MUHAMMAD TAYYAB,Abdul Majeed,6000
1100600009,2018-GCUF-060092,6/12/2021,BISMAH SAJJAD,sajjad hafeez,2750
1030200129,2020-GCUF-064285,6/12/2021,ISMA RAFI,Muhammad Rafi,7500
1100400052,2019-GCUF-057822,6/12/2021,MAIDA RAFIQUE,Muhammad Rafique,8437.5
1030600065,2018-GCUF-060481,6/12/2021,SHIMZA SALEEM,muhammad saleem,8475
1030600065,2018-GCUF-060481,6/12/2021,SHIMZA SALEEM,muhammad saleem,8475
1100400052,2019-GCUF-057822,6/12/2021,MAIDA RAFIQUE,Muhammad Rafique,8437.5
1080400068,2019-GCUF-057552,6/12/2021,DUAA ALAMGIR,Muhammad Alamgir,7125
1040400232,2019-GCUF-058213,6/12/2021,SAWAIRA ANJUM,Muhammad Yaqub Anjum,15250
1040400232,2019-GCUF-058213,6/12/2021,SAWAIRA ANJUM,Muhammad Yaqub Anjum,15250
1080200126,2020-GCUF-064436,6/12/2021,M RASHID GHAFOOR,Abdul Ghafoor,1187
1080200126,2020-GCUF-064436,6/12/2021,M RASHID GHAFOOR,Abdul Ghafoor,11187
1060400112,2019-GCUF-059192,7/12/2021,DANIYAL TAHIR,Tahir Hussain,11250
1060400112,2019-GCUF-059192,7/12/2021,DANIYAL TAHIR,Tahir Hussain,11250
1080600024,2018-GCUF-060649,7/12/2021,FARVA BATOOL,Tariq Hussain,1750
1080200116,2020-GCUF-064425,7/12/2021,SUMAIRA ABDUL GHUFAR,Abdul Ghufar,11175
1080200122,2020-GCUF-064431,7/12/2021,MALEEHA NADEEM,Nadeem Ahmad,10750
1080200123,2020-GCUF-064432,7/12/2021,HAFIZ HAMZA,Pervaiz Ahmad,9500
1100200101,2020-GCUF-063966,7/12/2021,HIRRA RIZVIA,Nadeem Tufail,9000
1080400055,2019-GCUF-057519,7/12/2021,SAIMA,Muhammad Yameen,906.25
1110200112,2020-GCUF-059107,7/12/2021,UMME TAYYABA,Mohsin Hayat,6750
1110200112,2020-GCUF-059107,7/12/2021,UMME TAYYABA,Mohsin Hayat,6750
1110200113,2020-GCUF-059110,7/12/2021,UMME BATOOL,Mohsin Hayat,6750
1110200113,2020-GCUF-059110,7/12/2021,UMME BATOOL,Mohsin Hayat,6750
1100200104,2020-GCUF-063975,7/12/2021,M YAQOOB,Khadim Hussain,9750
1080400055,2019-GCUF-057519,7/12/2021,SAIMA,Muhammad Yameen,8906.25
1050400020,2019-GCUF-058436,7/12/2021,ZAHRA BASHIR,Bashir Ahmad,2500
1100200104,2020-GCUF-063975,7/12/2021,M YAQOOB,Khadim Hussain,9750
1100200100,2020-GCUF-063963,7/12/2021,MUHAMMAD HAMAD,Sana Ullah,9375
1100200100,2020-GCUF-063963,7/12/2021,MUHAMMAD HAMAD,Sana Ullah,9375
1080400098,2019-GCUF-057622,7/12/2021,Rimsha Ahmed,Ahmed Gull,9593.75
1010400035,2019-GCUF-058828,7/12/2021,M. TAHIR MUSTAFA,Ghulam Mustafa,5000
1010400067,2019-GCUF-058923,7/12/2021,SHEEZA AZAM,Muhammad Azam Khan,7500
1010400067,2019-GCUF-058923,7/12/2021,SHEEZA AZAM,Muhammad Azam Khan,2500
1040200273,2020-GCUF-059813,7/12/2021,VANEEZA AKRAM,Muhammad Akram,18750
1050400043,2019-GCUF-058529,7/12/2021,IQRA NAWAZ,Muhammad Nawaz,7375
1030400118,2019-GCUF-069514,7/12/2021,ABDUL REHMAN,Aziz-Ur-Rehman,8812.5
1060600064,2018-GCUF-073088,7/12/2021,SYED DANIYAL SHAH,SYED SAJID ALI SHAH,4100
1060200146,2020-GCUF-064535,7/12/2021,ZOYA AZEEM,Muhammad Azeem,9750
1030400105,2019-GCUF-058764,7/12/2021,MUHAMMAD AHMED SAEED,Saeed Ahmed,8375
1060200146,2020-GCUF-064535,7/12/2021,ZOYA AZEEM,Muhammad Azeem,9750
1010200078,2020-GCUF-059556,7/12/2021,ZOHAIB HASSAN,Syed Ghulam Jafar,9750
1010200078,2020-GCUF-059556,7/12/2021,ZOHAIB HASSAN,Syed Ghulam Jafar,9750
1020200096,2020-GCUF-059169,7/12/2021,ALIHA ZULFIQAR,Zulfiqar Ali,8750
1050600012,2018-GCUF-073508,7/12/2021,SHAHZADA INAM,inamullah,1500
1060400100,2019-GCUF-059130,7/12/2021,ZAINAB ISHAQ,Ch. M. Ishaq Bajwa,3437.5
1030200142,2020-GCUF-059494,7/12/2021,ALI  HAIDER,Asif Ali,9750
1030200142,2020-GCUF-059494,7/12/2021,ALI  HAIDER,Asif Ali,9750
1040800065,2017-GCUF-064371,7/12/2021,MEHBOOB AURANGZIB,Aurangzaib,3450
1030200141,2020-GCUF-064276,7/12/2021,SABA MUHAMMAD KHAN,Muhammad Khan,7500
1030200141,2020-GCUF-064276,7/12/2021,SABA MUHAMMAD KHAN,Muhammad Khan,7500
1050600011,2018-GCUF-073127,7/12/2021,SHAHARYAR,AMANAT ALI,5000
1050600011,2018-GCUF-073127,7/12/2021,SHAHARYAR,AMANAT ALI,5000
1040600153,2018-GCUF-060211,7/12/2021,BEELUM OMER,MULAZEM HUSSAIN,11100
1120200182,2020-GCUF-064216,7/12/2021,SAWERA NAEEM,Muhammad Naeem Butt,12750
1060200170,2020-GCUF-064558,7/12/2021,SADIA IMTIAZ,Imtiaz Ahmad,12250
1100400054,2019-GCUF-057833,7/12/2021,MUHAMMAD AMJAD,Muhammad Nawaz,7812.5
1040600179,2018-GCUF-071727,7/12/2021,SAJJAD AHMED,GHULAM HUSSAIN,4000
1100400084,2019-GCUF-057987,7/12/2021,MUHAMMAD SHERAZ,Shahzad Ahmad,2000
1030600070,2018-GCUF-074014,7/12/2021,MUJTABA AHSAAN,ZOHIAB HASSAN,7462.5
1030600066,2018-GCUF-060490,7/12/2021,SYED IJAZ ALI KAZMI,MUHAMMAD.jamIl ali kazmi,8000
1130600007,2018-GCUF-059368,7/12/2021,KHAN MUHAMMAD,MUHAMMAD AFZAL,4120
1030600070,2018-GCUF-074014,7/12/2021,MUJTABA AHSAAN,ZOHIAB HASSAN,7462.5
1070400014,2019-GCUF-059013,7/12/2021,M. WASIF BHATTI,M. Tahir Bhatti,9487.5
1070400014,2019-GCUF-059013,7/12/2021,M. WASIF BHATTI,M. Tahir Bhatti,9487.5
1050200078,2020-GCUF-059416,7/12/2021,AWAIS SHABBIR,Shabbir Ahmad,1500
1050200063,2020-GCUF-059340,7/12/2021,QUWAT ALI,Kashif Raza,6000
1020400072,2019-GCUF-058029,7/12/2021,MUHAMMAD AZAZ,Muhammad Afzal,7750
1020400072,2019-GCUF-058029,7/12/2021,MUHAMMAD AZAZ,Muhammad Afzal,7750
1030200159,2020-GCUF-075569,7/12/2021,ZAIN UL ABIDIN,Muhammad Anjum Zia,9375
1070400033,2019-GCUF-059050,7/12/2021,KHAWAJA M. SHAHMEER AHMAD,M. Nadeem Zafar,3812.5
1070400033,2019-GCUF-059050,7/12/2021,KHAWAJA M. SHAHMEER AHMAD,M. Nadeem Zafar,8812.5
1120400096,2019-GCUF-057633,7/12/2021,MARYAM,Mr. M. Naeem,2500
1100400091,2019-GCUF-069463,7/12/2021,MUTTARAB SALEEM,Saleem Ahmad,10000
1100400091,2019-GCUF-069463,7/12/2021,MUTTARAB SALEEM,Saleem Ahmad,10000
1100600011,2018-GCUF-059945,7/12/2021,GHULAM ALI,muhammad akram,4750
1100600030,2018-GCUF-060022,7/12/2021,PERVAIZ AKHTAR,MUNIR AKHTAR,2125
1070200059,2020-GCUF-064008,7/12/2021,HAMZA,Muhammad Hamayun,9700
1020200093,2020-GCUF-075546,7/12/2021,QASIM,Asif Khan,6250
1040800075,2017-GCUF-064340,7/12/2021,ADAM KHAWAJA,Khawaja Adrees Ahmed,6775
1040800075,2017-GCUF-064340,7/12/2021,ADAM KHAWAJA,Khawaja Adrees Ahmed,5550
1120600053,2018-GCUF-059760,7/12/2021,HAMNA AFZAL,MUHAMMAD AFZAL,9275
1070200072,2020-GCUF-064032,7/12/2021,ABDULLAH QAYYUM,Abdul Qayyum,6500
1080200102,2020-GCUF-064415,7/12/2021,ABDUL MOMAN,Abdul Gani,8125
1080200102,2020-GCUF-064415,7/12/2021,ABDUL MOMAN,Abdul Gani,8125
1120600068,2018-GCUF-059859,7/12/2021,MUHAMMAD MUNIR,GHULAM DASTAGIR,9275
1030200156,2020-GCUF-064290,7/12/2021,M. ABDUL REHMAN,Saqib Taimoor,7800
1030200156,2020-GCUF-064290,7/12/2021,M. ABDUL REHMAN,Saqib Taimoor,7800
1110400029,2019-GCUF-058573,7/12/2021,IRHA MUBARAK,Mubarak Ali,5375
1110400068,2019-GCUF-069526,7/12/2021,MALIK AFZAAL MAJEED,Abdul Majeed,5375
1110400068,2019-GCUF-069526,7/12/2021,MALIK AFZAAL MAJEED,Abdul Majeed,5375
1040400202,2019-GCUF-058146,7/12/2021,FATIMA SHAHEEN,Syed Naeem Ahmad Zaidi,13812.5
1040400202,2019-GCUF-058146,7/12/2021,FATIMA SHAHEEN,Syed Naeem Ahmad Zaidi,3812.5
